{
	"indicesList": {
		"result": [
			{
				"indexId": 1,
				"indexName": "מניות והמירים כללי"
			},
			{
				"indexId": 2,
				"indexName": "מניות כללי"
			},
			{
				"indexId": 3,
				"indexName": "אופציות כללי"
			},
			{
				"indexId": 4,
				"indexName": "אג\"ח להמרה כללי"
			},
			{
				"indexId": 13,
				"indexName": "בנקים מניות והמירים"
			},
			{
				"indexId": 33,
				"indexName": "ת\"א-ביטוח"
			},
			{
				"indexId": 41,
				"indexName": "מסחר ושירותים מניות והמירים"
			},
			{
				"indexId": 61,
				"indexName": "נדל\"ן ובינוי מניות והמירים"
			},
			{
				"indexId": 73,
				"indexName": "תעשייה מניות והמירים"
			},
			{
				"indexId": 97,
				"indexName": "כימיה, גומי ופלסטיקה מניות והמירים"
			},
			{
				"indexId": 117,
				"indexName": "השקעה ואחזקות מניות והמירים"
			},
			{
				"indexId": 127,
				"indexName": "חיפושי גז ונפט מניות והמירים"
			},
			{
				"indexId": 137,
				"indexName": "ת\"א-125"
			},
			{
				"indexId": 142,
				"indexName": "ת\"א-35"
			},
			{
				"indexId": 143,
				"indexName": "ת\"א-90"
			},
			{
				"indexId": 145,
				"indexName": "ת\"א גלובל-בלוטק"
			},
			{
				"indexId": 147,
				"indexName": "ת\"א-SME60"
			},
			{
				"indexId": 148,
				"indexName": "ת\"א-פיננסים"
			},
			{
				"indexId": 149,
				"indexName": "ת\"א-נדל\"ן"
			},
			{
				"indexId": 150,
				"indexName": "ת\"א-מעלה"
			},
			{
				"indexId": 161,
				"indexName": "יתר מניות והמירים"
			},
			{
				"indexId": 162,
				"indexName": "יתר מניות"
			},
			{
				"indexId": 163,
				"indexName": "ת\"א-צמיחה"
			},
			{
				"indexId": 164,
				"indexName": "ת\"א בנקים-5"
			},
			{
				"indexId": 166,
				"indexName": "תל-דיב"
			},
			{
				"indexId": 167,
				"indexName": "ת\"א-ביומד"
			},
			{
				"indexId": 168,
				"indexName": "ת\"א All-Share"
			},
			{
				"indexId": 169,
				"indexName": "ת\"א-טכנולוגיה"
			},
			{
				"indexId": 170,
				"indexName": "ת\"א-נפט וגז"
			},
			{
				"indexId": 171,
				"indexName": "ת\"א-ביטוח ושירותים פיננסיים"
			},
			{
				"indexId": 172,
				"indexName": "ת\"א תקשורת וטכנולוגיות מידע"
			},
			{
				"indexId": 173,
				"indexName": "ת\"א טק - עילית"
			},
			{
				"indexId": 174,
				"indexName": "ת\"א-35 דולר"
			},
			{
				"indexId": 175,
				"indexName": "ת\"א-רימון"
			},
			{
				"indexId": 176,
				"indexName": "ת\"א-SME150"
			},
			{
				"indexId": 177,
				"indexName": "ת\"א סקטור-באלאנס"
			},
			{
				"indexId": 178,
				"indexName": "ת\"א-תעשייה"
			},
			{
				"indexId": 179,
				"indexName": "ת\"א-פמילי"
			},
			{
				"indexId": 180,
				"indexName": "ת\"א-תשתיות אנרגיה"
			},
			{
				"indexId": 181,
				"indexName": "ת\"א-בנייה"
			},
			{
				"indexId": 182,
				"indexName": "ת\"א-מניב ישראל"
			},
			{
				"indexId": 183,
				"indexName": "ת\"א-מניב חו\"ל"
			},
			{
				"indexId": 184,
				"indexName": "ת\"א-קלינטק"
			},
			{
				"indexId": 185,
				"indexName": "ת\"א-125 אקלים נקי"
			},
			{
				"indexId": 187,
				"indexName": "ת\"א-דואליות"
			},
			{
				"indexId": 188,
				"indexName": "ת\"א-רשתות שיווק"
			},
			{
				"indexId": 598,
				"indexName": "VTA35"
			},
			{
				"indexId": 601,
				"indexName": "All-Bond כללי"
			},
			{
				"indexId": 602,
				"indexName": "תל גוב-כללי"
			},
			{
				"indexId": 603,
				"indexName": "אג\"ח כללי - קונצרני"
			},
			{
				"indexId": 604,
				"indexName": "All-Bond צמודות"
			},
			{
				"indexId": 605,
				"indexName": "תל גוב-צמודות"
			},
			{
				"indexId": 606,
				"indexName": "אג\"ח צמודות מדד - קונצרני"
			},
			{
				"indexId": 637,
				"indexName": "תל גוב- צמודות 0-2"
			},
			{
				"indexId": 646,
				"indexName": "תל גוב-צמודות 2-5"
			},
			{
				"indexId": 658,
				"indexName": "תל גוב-צמודות 5-10"
			},
			{
				"indexId": 690,
				"indexName": "תל גוב-לא צמודות"
			},
			{
				"indexId": 694,
				"indexName": "תל גוב-צמודות 15+"
			},
			{
				"indexId": 700,
				"indexName": "תל גוב-שקלי"
			},
			{
				"indexId": 701,
				"indexName": "תל גוב-משתנה"
			},
			{
				"indexId": 702,
				"indexName": "תל גוב-שקלי 0-2"
			},
			{
				"indexId": 703,
				"indexName": "תל גוב-שקלי 2-5"
			},
			{
				"indexId": 704,
				"indexName": "תל גוב-שקלי 5+"
			},
			{
				"indexId": 707,
				"indexName": "תל בונד 20"
			},
			{
				"indexId": 708,
				"indexName": "תל בונד 40"
			},
			{
				"indexId": 709,
				"indexName": "תל בונד 60"
			},
			{
				"indexId": 710,
				"indexName": "תל בונד-שקלי"
			},
			{
				"indexId": 711,
				"indexName": "תל בונד צמודות"
			},
			{
				"indexId": 712,
				"indexName": "תל בונד צמודות-יתר"
			},
			{
				"indexId": 713,
				"indexName": "תל בונד צמודות-בנקים"
			},
			{
				"indexId": 714,
				"indexName": "תל בונד-תשואות"
			},
			{
				"indexId": 715,
				"indexName": "תל בונד-מאגר"
			},
			{
				"indexId": 716,
				"indexName": "All-Bond ריבית משתנה"
			},
			{
				"indexId": 717,
				"indexName": "תל בונד-לא צמודות"
			},
			{
				"indexId": 718,
				"indexName": "תלבונד-תשואות שקלי"
			},
			{
				"indexId": 719,
				"indexName": "תל בונד - גלובל"
			},
			{
				"indexId": 720,
				"indexName": "תל בונד שקלי-50"
			},
			{
				"indexId": 721,
				"indexName": "תל בונד-צמודות 1-3"
			},
			{
				"indexId": 722,
				"indexName": "תל בונד-צמודות 3-5"
			},
			{
				"indexId": 723,
				"indexName": "תל בונד-צמודות 5-15"
			},
			{
				"indexId": 724,
				"indexName": "תל בונד-שקלי 1-3"
			},
			{
				"indexId": 725,
				"indexName": "תל בונד-שקלי 3-5"
			},
			{
				"indexId": 726,
				"indexName": "תל בונד-שקלי 5-15"
			},
			{
				"indexId": 727,
				"indexName": "תל גוב-צמודות 5+"
			},
			{
				"indexId": 728,
				"indexName": "תל גוב-צמודות 10+"
			},
			{
				"indexId": 729,
				"indexName": "תל גוב-שקלי 5-10"
			},
			{
				"indexId": 730,
				"indexName": "תל גוב-שקלי 10+"
			},
			{
				"indexId": 731,
				"indexName": "תל בונד-צמודות מעלה"
			},
			{
				"indexId": 732,
				"indexName": "תל בונד-שקלי מעלה"
			},
			{
				"indexId": 733,
				"indexName": "תל בונד שקלי-בנקים וביטוח"
			},
			{
				"indexId": 734,
				"indexName": "תל בונד צמודות-נדל\"ן"
			},
			{
				"indexId": 735,
				"indexName": "תל בונד-צמודות A"
			},
			{
				"indexId": 736,
				"indexName": "תל בונד-צמודות AA-AAA"
			},
			{
				"indexId": 737,
				"indexName": "תל בונד-שקלי A"
			},
			{
				"indexId": 738,
				"indexName": "תל בונד-שקלי AA-AAA"
			},
			{
				"indexId": 739,
				"indexName": "תל בונד-דולר"
			},
			{
				"indexId": 740,
				"indexName": "All-Bond שקלי"
			},
			{
				"indexId": 742,
				"indexName": "תל בונד שקלי-100"
			},
			{
				"indexId": 743,
				"indexName": "תל בונד-100"
			},
			{
				"indexId": 800,
				"indexName": "תל גוב-מק\"מ"
			}
		],
		"total": 100
	}
}