{
	"securitiesTypes": {
		"result": [
			{
				"securityFullTypeCode": "0101",
				"securityTypeDesc": "מניה רגילה"
			},
			{
				"securityFullTypeCode": "0102",
				"securityTypeDesc": "מניה מבוכרת"
			},
			{
				"securityFullTypeCode": "0103",
				"securityTypeDesc": "מניה צוברת ומבוכרת"
			},
			{
				"securityFullTypeCode": "0104",
				"securityTypeDesc": "מנית סטוק"
			},
			{
				"securityFullTypeCode": "0105",
				"securityTypeDesc": "מנית יסוד"
			},
			{
				"securityFullTypeCode": "0106",
				"securityTypeDesc": "מניה צוברת"
			},
			{
				"securityFullTypeCode": "0107",
				"securityTypeDesc": "מניה משתתפת"
			},
			{
				"securityFullTypeCode": "0108",
				"securityTypeDesc": "מניה צוברת ומשתתפת"
			},
			{
				"securityFullTypeCode": "0109",
				"securityTypeDesc": "מנית הנהלה"
			},
			{
				"securityFullTypeCode": "0110",
				"securityTypeDesc": "מניה נדחת"
			},
			{
				"securityFullTypeCode": "0111",
				"securityTypeDesc": "מנית בכורה"
			},
			{
				"securityFullTypeCode": "0112",
				"securityTypeDesc": "מנית פדיון"
			},
			{
				"securityFullTypeCode": "0113",
				"securityTypeDesc": "קרן נאמנות סגורה"
			},
			{
				"securityFullTypeCode": "0114",
				"securityTypeDesc": "מנית ריט"
			},
			{
				"securityFullTypeCode": "0198",
				"securityTypeDesc": "מניה ללא הצבעה"
			},
			{
				"securityFullTypeCode": "0199",
				"securityTypeDesc": "מניה רדומה"
			},
			{
				"securityFullTypeCode": "0201",
				"securityTypeDesc": "אופציה למניה"
			},
			{
				"securityFullTypeCode": "0202",
				"securityTypeDesc": "אופציה לאג\"ח להמרה"
			},
			{
				"securityFullTypeCode": "0203",
				"securityTypeDesc": "אופציה לאופציה"
			},
			{
				"securityFullTypeCode": "0204",
				"securityTypeDesc": "אופציה ליח' השתתפות"
			},
			{
				"securityFullTypeCode": "0205",
				"securityTypeDesc": "אופציה משולבת"
			},
			{
				"securityFullTypeCode": "0301",
				"securityTypeDesc": "אג\"ח להמרה"
			},
			{
				"securityFullTypeCode": "0302",
				"securityTypeDesc": "שטר הון"
			},
			{
				"securityFullTypeCode": "0303",
				"securityTypeDesc": "שטר התחייבות"
			},
			{
				"securityFullTypeCode": "0304",
				"securityTypeDesc": "חוב להמרה שלא שולם"
			},
			{
				"securityFullTypeCode": "0305",
				"securityTypeDesc": "אג.להמרה רכישה"
			},
			{
				"securityFullTypeCode": "0306",
				"securityTypeDesc": "אגח\"ה משלם מניות"
			},
			{
				"securityFullTypeCode": "0401",
				"securityTypeDesc": "אג\"ח ממשלתי"
			},
			{
				"securityFullTypeCode": "0402",
				"securityTypeDesc": "אג\"ח ממשלתי גלבוע"
			},
			{
				"securityFullTypeCode": "0403",
				"securityTypeDesc": "אג\"ח ממשלתי רמון"
			},
			{
				"securityFullTypeCode": "0404",
				"securityTypeDesc": "אג\"ח ממשלתי שגיא"
			},
			{
				"securityFullTypeCode": "0405",
				"securityTypeDesc": "אג\"ח ממשלתי שגיא מש'"
			},
			{
				"securityFullTypeCode": "0406",
				"securityTypeDesc": "אג\"ח ממשלתי גליל"
			},
			{
				"securityFullTypeCode": "0407",
				"securityTypeDesc": "אג\"ח ממשלתי גליל מש'"
			},
			{
				"securityFullTypeCode": "0408",
				"securityTypeDesc": "אג\"ח ממשלתי גבע"
			},
			{
				"securityFullTypeCode": "0409",
				"securityTypeDesc": "אג\"ח ממשלתי כפיר"
			},
			{
				"securityFullTypeCode": "0410",
				"securityTypeDesc": "אג\"ח ממשלתי גילון"
			},
			{
				"securityFullTypeCode": "0411",
				"securityTypeDesc": "אג\"ח ממשלתי שחר"
			},
			{
				"securityFullTypeCode": "0412",
				"securityTypeDesc": "אג\"ח ממשלתי כפיר חדש"
			},
			{
				"securityFullTypeCode": "0413",
				"securityTypeDesc": "אגח ממשלתי גילון חדש"
			},
			{
				"securityFullTypeCode": "0414",
				"securityTypeDesc": "אג\"ח ממשלתית קצרה"
			},
			{
				"securityFullTypeCode": "0415",
				"securityTypeDesc": "אג\"ח ממשלתית גלובלית"
			},
			{
				"securityFullTypeCode": "0501",
				"securityTypeDesc": "אג\"ח קונצרני"
			},
			{
				"securityFullTypeCode": "0502",
				"securityTypeDesc": "חוב שלא שולם"
			},
			{
				"securityFullTypeCode": "0503",
				"securityTypeDesc": "אג\"ח להחלפה"
			},
			{
				"securityFullTypeCode": "0504",
				"securityTypeDesc": "תעודות סל לאג\"ח"
			},
			{
				"securityFullTypeCode": "0505",
				"securityTypeDesc": "אג\"ח מובנות"
			},
			{
				"securityFullTypeCode": "0506",
				"securityTypeDesc": "תעודות פקדון"
			},
			{
				"securityFullTypeCode": "0507",
				"securityTypeDesc": "אג\"ח מרובה פדיונות"
			},
			{
				"securityFullTypeCode": "0508",
				"securityTypeDesc": "ני\"ע מסחריים"
			},
			{
				"securityFullTypeCode": "0509",
				"securityTypeDesc": "אג\"ח צמוד מניה"
			},
			{
				"securityFullTypeCode": "0510",
				"securityTypeDesc": "אגח הוני ניתן להמרה"
			},
			{
				"securityFullTypeCode": "0511",
				"securityTypeDesc": "אגח הוני ניתן למחיקה"
			},
			{
				"securityFullTypeCode": "0512",
				"securityTypeDesc": "יהש התחייבותית"
			},
			{
				"securityFullTypeCode": "0513",
				"securityTypeDesc": "אגח משלם במניות"
			},
			{
				"securityFullTypeCode": "0514",
				"securityTypeDesc": "אגח היברידי"
			},
			{
				"securityFullTypeCode": "0601",
				"securityTypeDesc": "קבוצת תשואה"
			},
			{
				"securityFullTypeCode": "0701",
				"securityTypeDesc": "יחידת מו\"פ"
			},
			{
				"securityFullTypeCode": "0801",
				"securityTypeDesc": "מלוה קצר מועד"
			},
			{
				"securityFullTypeCode": "0901",
				"securityTypeDesc": "זכויות"
			},
			{
				"securityFullTypeCode": "1001",
				"securityTypeDesc": "קרן נאמנות"
			},
			{
				"securityFullTypeCode": "1101",
				"securityTypeDesc": "אג\"ח אופציה"
			},
			{
				"securityFullTypeCode": "1201",
				"securityTypeDesc": "יחידת השתתפות"
			},
			{
				"securityFullTypeCode": "1202",
				"securityTypeDesc": "יהש עם מרכיב הוני"
			},
			{
				"securityFullTypeCode": "1301",
				"securityTypeDesc": "אופצית רכישה"
			},
			{
				"securityFullTypeCode": "1302",
				"securityTypeDesc": "אופ.רכישה יח.השתתפות"
			},
			{
				"securityFullTypeCode": "1401",
				"securityTypeDesc": "אופציה $ 3 חודשים"
			},
			{
				"securityFullTypeCode": "1402",
				"securityTypeDesc": "אופציה $ 12 חודשים"
			},
			{
				"securityFullTypeCode": "1501",
				"securityTypeDesc": "אופציה לאג\"ח"
			},
			{
				"securityFullTypeCode": "1601",
				"securityTypeDesc": "אופציה CALL (תא35)"
			},
			{
				"securityFullTypeCode": "1602",
				"securityTypeDesc": "אופציה CALL (דולר)"
			},
			{
				"securityFullTypeCode": "1604",
				"securityTypeDesc": "אופציה CALL (בנק)"
			},
			{
				"securityFullTypeCode": "1605",
				"securityTypeDesc": "אופציה CALL (אירו)"
			},
			{
				"securityFullTypeCode": "1608",
				"securityTypeDesc": "אופציה CALL (כיל)"
			},
			{
				"securityFullTypeCode": "1609",
				"securityTypeDesc": "אופציה CALL (פעל)"
			},
			{
				"securityFullTypeCode": "1610",
				"securityTypeDesc": "אופציה CALL (לאמ)"
			},
			{
				"securityFullTypeCode": "1611",
				"securityTypeDesc": "אופציה CALL (טבע)"
			},
			{
				"securityFullTypeCode": "1612",
				"securityTypeDesc": "אופציה CALL (דסק)"
			},
			{
				"securityFullTypeCode": "1613",
				"securityTypeDesc": "אופציה CALL (מזר)"
			},
			{
				"securityFullTypeCode": "1614",
				"securityTypeDesc": "אופציה CALL (אבנ)"
			},
			{
				"securityFullTypeCode": "1615",
				"securityTypeDesc": "אופציה CALL (ישק)"
			},
			{
				"securityFullTypeCode": "1616",
				"securityTypeDesc": "אופציה CALL (רצי)"
			},
			{
				"securityFullTypeCode": "1617",
				"securityTypeDesc": "אופציה CALL (ממא)"
			},
			{
				"securityFullTypeCode": "1618",
				"securityTypeDesc": "אופציה CALL (ממב)"
			},
			{
				"securityFullTypeCode": "1619",
				"securityTypeDesc": "אופציה CALL (בזק)"
			},
			{
				"securityFullTypeCode": "1620",
				"securityTypeDesc": "אופציה CALL (פרג)"
			},
			{
				"securityFullTypeCode": "1621",
				"securityTypeDesc": "אופציה CALL (תא125)"
			},
			{
				"securityFullTypeCode": "1622",
				"securityTypeDesc": "אופציה CALL (בנל)"
			},
			{
				"securityFullTypeCode": "1623",
				"securityTypeDesc": "אופציה CALL (ניס)"
			},
			{
				"securityFullTypeCode": "1624",
				"securityTypeDesc": "אופציה CALL (דלק)"
			},
			{
				"securityFullTypeCode": "1625",
				"securityTypeDesc": "אופציה CALL (ישק)"
			},
			{
				"securityFullTypeCode": "1626",
				"securityTypeDesc": "אופציה CALL (חלי)"
			},
			{
				"securityFullTypeCode": "1627",
				"securityTypeDesc": "אופציה CALL (אפק)"
			},
			{
				"securityFullTypeCode": "1628",
				"securityTypeDesc": "אופציה CALL (פרט)"
			},
			{
				"securityFullTypeCode": "1629",
				"securityTypeDesc": "אופציה CALL (אלב)"
			},
			{
				"securityFullTypeCode": "1630",
				"securityTypeDesc": "אופציה CALL (עזר)"
			},
			{
				"securityFullTypeCode": "1631",
				"securityTypeDesc": "אופציה CALL (דקד)"
			},
			{
				"securityFullTypeCode": "1632",
				"securityTypeDesc": "אופציה CALL (פזנ)"
			},
			{
				"securityFullTypeCode": "1633",
				"securityTypeDesc": "אופציה CALL (גזת)"
			},
			{
				"securityFullTypeCode": "1634",
				"securityTypeDesc": "אופציה CALL (מלס)"
			},
			{
				"securityFullTypeCode": "1635",
				"securityTypeDesc": "אופציה CALL (שטר)"
			},
			{
				"securityFullTypeCode": "1637",
				"securityTypeDesc": "אופציה CALL (ארמ)"
			},
			{
				"securityFullTypeCode": "1638",
				"securityTypeDesc": "אופציה CALL (מלן)"
			},
			{
				"securityFullTypeCode": "1639",
				"securityTypeDesc": "אופציה CALL (פרנ)"
			},
			{
				"securityFullTypeCode": "1640",
				"securityTypeDesc": "אופציה CALL (סלק)"
			},
			{
				"securityFullTypeCode": "1641",
				"securityTypeDesc": "אופציה CALL (הרא)"
			},
			{
				"securityFullTypeCode": "1642",
				"securityTypeDesc": "אופציה CALL (שפר)"
			},
			{
				"securityFullTypeCode": "1643",
				"securityTypeDesc": "אופציה CALL (פנק)"
			},
			{
				"securityFullTypeCode": "1644",
				"securityTypeDesc": "אופציה CALL (בזן)"
			},
			{
				"securityFullTypeCode": "1645",
				"securityTypeDesc": "אופציה CALL (אחץ)"
			},
			{
				"securityFullTypeCode": "1701",
				"securityTypeDesc": "אופציה PUT  (תא35)"
			},
			{
				"securityFullTypeCode": "1702",
				"securityTypeDesc": "אופציה PUT  (דולר)"
			},
			{
				"securityFullTypeCode": "1704",
				"securityTypeDesc": "אופציה PUT  (בנק)"
			},
			{
				"securityFullTypeCode": "1705",
				"securityTypeDesc": "אופציה PUT  (אירו)"
			},
			{
				"securityFullTypeCode": "1708",
				"securityTypeDesc": "אופציה PUT  (כיל)"
			},
			{
				"securityFullTypeCode": "1709",
				"securityTypeDesc": "אופציה PUT  (פעל)"
			},
			{
				"securityFullTypeCode": "1710",
				"securityTypeDesc": "אופציה PUT  (לאמ)"
			},
			{
				"securityFullTypeCode": "1711",
				"securityTypeDesc": "אופציה PUT  (טבע)"
			},
			{
				"securityFullTypeCode": "1712",
				"securityTypeDesc": "אופציה PUT  (דסק)"
			},
			{
				"securityFullTypeCode": "1713",
				"securityTypeDesc": "אופציה PUT  (מזר)"
			},
			{
				"securityFullTypeCode": "1714",
				"securityTypeDesc": "אופציה PUT  (אבנ)"
			},
			{
				"securityFullTypeCode": "1715",
				"securityTypeDesc": "אופציה PUT  (ישק)"
			},
			{
				"securityFullTypeCode": "1716",
				"securityTypeDesc": "אופציה PUT  (רצי)"
			},
			{
				"securityFullTypeCode": "1717",
				"securityTypeDesc": "אופציה PUT  (ממא)"
			},
			{
				"securityFullTypeCode": "1718",
				"securityTypeDesc": "אופציה PUT  (ממב)"
			},
			{
				"securityFullTypeCode": "1719",
				"securityTypeDesc": "אופציה PUT  (בזק)"
			},
			{
				"securityFullTypeCode": "1720",
				"securityTypeDesc": "אופציה PUT  (פרג)"
			},
			{
				"securityFullTypeCode": "1721",
				"securityTypeDesc": "אופציה PUT  (תא125)"
			},
			{
				"securityFullTypeCode": "1722",
				"securityTypeDesc": "אופציה PUT  (בנל)"
			},
			{
				"securityFullTypeCode": "1723",
				"securityTypeDesc": "אופציה PUT  (ניס)"
			},
			{
				"securityFullTypeCode": "1724",
				"securityTypeDesc": "אופציה PUT  (דלק)"
			},
			{
				"securityFullTypeCode": "1725",
				"securityTypeDesc": "אופציה PUT  (ישק)"
			},
			{
				"securityFullTypeCode": "1726",
				"securityTypeDesc": "אופציה PUT  (חלי)"
			},
			{
				"securityFullTypeCode": "1727",
				"securityTypeDesc": "אופציה PUT  (אפק)"
			},
			{
				"securityFullTypeCode": "1728",
				"securityTypeDesc": "אופציה PUT  (פרט)"
			},
			{
				"securityFullTypeCode": "1729",
				"securityTypeDesc": "אופציה PUT  (אלב)"
			},
			{
				"securityFullTypeCode": "1730",
				"securityTypeDesc": "אופציה PUT  (עזר)"
			},
			{
				"securityFullTypeCode": "1731",
				"securityTypeDesc": "אופציה PUT  (דקד)"
			},
			{
				"securityFullTypeCode": "1732",
				"securityTypeDesc": "אופציה PUT  (פזנ)"
			},
			{
				"securityFullTypeCode": "1733",
				"securityTypeDesc": "אופציה PUT  (גזת)"
			},
			{
				"securityFullTypeCode": "1734",
				"securityTypeDesc": "אופציה PUT  (מלס)"
			},
			{
				"securityFullTypeCode": "1735",
				"securityTypeDesc": "אופציה PUT  (שטר)"
			},
			{
				"securityFullTypeCode": "1737",
				"securityTypeDesc": "אופציה PUT  (ארמ)"
			},
			{
				"securityFullTypeCode": "1738",
				"securityTypeDesc": "אופציה PUT  (מלן)"
			},
			{
				"securityFullTypeCode": "1739",
				"securityTypeDesc": "אופציה PUT  (פרנ)"
			},
			{
				"securityFullTypeCode": "1740",
				"securityTypeDesc": "אופציה PUT  (סלק)"
			},
			{
				"securityFullTypeCode": "1741",
				"securityTypeDesc": "אופציה PUT  (הרא)"
			},
			{
				"securityFullTypeCode": "1742",
				"securityTypeDesc": "אופציה PUT  (שפר)"
			},
			{
				"securityFullTypeCode": "1743",
				"securityTypeDesc": "אופציה PUT  (פנק)"
			},
			{
				"securityFullTypeCode": "1744",
				"securityTypeDesc": "אופציה PUT  (בזן)"
			},
			{
				"securityFullTypeCode": "1745",
				"securityTypeDesc": "אופציה PUT  (אחץ)"
			},
			{
				"securityFullTypeCode": "1801",
				"securityTypeDesc": "חוזה עתידי  (תא35)"
			},
			{
				"securityFullTypeCode": "1802",
				"securityTypeDesc": "חוזה עתידי  (דולר)"
			},
			{
				"securityFullTypeCode": "1803",
				"securityTypeDesc": "חוזה עתידי  (ריב3)"
			},
			{
				"securityFullTypeCode": "1804",
				"securityTypeDesc": "חוזה עתידי  (בנק)"
			},
			{
				"securityFullTypeCode": "1805",
				"securityTypeDesc": "חוזה עתידי  (אירו)"
			},
			{
				"securityFullTypeCode": "1806",
				"securityTypeDesc": "חוזה עתידי  (שחר-ב)"
			},
			{
				"securityFullTypeCode": "1807",
				"securityTypeDesc": "חוזה עתידי  (שחר-א)"
			},
			{
				"securityFullTypeCode": "1821",
				"securityTypeDesc": "חוזה עתידי  (תא125)"
			},
			{
				"securityFullTypeCode": "1901",
				"securityTypeDesc": "אופCALL. שב.(תא35)"
			},
			{
				"securityFullTypeCode": "1902",
				"securityTypeDesc": "אופCALL. שב.(דולר)"
			},
			{
				"securityFullTypeCode": "2001",
				"securityTypeDesc": "אופPUT.  שב.(תא35)"
			},
			{
				"securityFullTypeCode": "2002",
				"securityTypeDesc": "אופPUT.  שב.(דולר)"
			},
			{
				"securityFullTypeCode": "2101",
				"securityTypeDesc": "ח.עתידי  שב.(תא35)"
			},
			{
				"securityFullTypeCode": "2102",
				"securityTypeDesc": "ח.עתידי  שב.(דולר)"
			},
			{
				"securityFullTypeCode": "3201",
				"securityTypeDesc": "ת.סל מנ מקומי"
			},
			{
				"securityFullTypeCode": "3202",
				"securityTypeDesc": "ת.סל מנ בינלאומי"
			},
			{
				"securityFullTypeCode": "3203",
				"securityTypeDesc": "ת.סחורה-מניות"
			},
			{
				"securityFullTypeCode": "3204",
				"securityTypeDesc": "ת. נוסחה מניה"
			},
			{
				"securityFullTypeCode": "3205",
				"securityTypeDesc": "ת. שילוב מניה"
			},
			{
				"securityFullTypeCode": "3206",
				"securityTypeDesc": "ת.נכס מנ מתחלף"
			},
			{
				"securityFullTypeCode": "3207",
				"securityTypeDesc": "ת.נוס.סחורה מנ"
			},
			{
				"securityFullTypeCode": "3208",
				"securityTypeDesc": "ת.שילוב סחורה מנ"
			},
			{
				"securityFullTypeCode": "3209",
				"securityTypeDesc": "ת.מתחלף סחורה מנ"
			},
			{
				"securityFullTypeCode": "3210",
				"securityTypeDesc": "ת.חוזה-מניה"
			},
			{
				"securityFullTypeCode": "3301",
				"securityTypeDesc": "ת.חסר מנ מקומי"
			},
			{
				"securityFullTypeCode": "3302",
				"securityTypeDesc": "ת.חסר מנ בינלאומי"
			},
			{
				"securityFullTypeCode": "3303",
				"securityTypeDesc": "ת.ח.סחורה-מניות"
			},
			{
				"securityFullTypeCode": "3401",
				"securityTypeDesc": "אכ.רכש מנ מקומי"
			},
			{
				"securityFullTypeCode": "3402",
				"securityTypeDesc": "אכ.רכש מנ בנלאומי"
			},
			{
				"securityFullTypeCode": "3403",
				"securityTypeDesc": "אכ.רכש מנ סחורה"
			},
			{
				"securityFullTypeCode": "3404",
				"securityTypeDesc": "אכ.רכש למנית חו\"ל"
			},
			{
				"securityFullTypeCode": "3501",
				"securityTypeDesc": "אכ.מכר מנ מקומי"
			},
			{
				"securityFullTypeCode": "3502",
				"securityTypeDesc": "אכ.מכר מנ בנלאומי"
			},
			{
				"securityFullTypeCode": "3503",
				"securityTypeDesc": "אכ.מכר מנ סחורה"
			},
			{
				"securityFullTypeCode": "3504",
				"securityTypeDesc": "אכ.מכר למנית חו\"ל"
			},
			{
				"securityFullTypeCode": "3601",
				"securityTypeDesc": "ת.סל אגח מקומי"
			},
			{
				"securityFullTypeCode": "3602",
				"securityTypeDesc": "ת.סל אגח בינלאומי"
			},
			{
				"securityFullTypeCode": "3603",
				"securityTypeDesc": "ת.סחורה-אגח"
			},
			{
				"securityFullTypeCode": "3604",
				"securityTypeDesc": "ת. נוסחה אגח"
			},
			{
				"securityFullTypeCode": "3605",
				"securityTypeDesc": "ת. שילוב אגח"
			},
			{
				"securityFullTypeCode": "3606",
				"securityTypeDesc": "ת.נכס אגח מתחלף"
			},
			{
				"securityFullTypeCode": "3607",
				"securityTypeDesc": "ת.נוס.סחורה אגח"
			},
			{
				"securityFullTypeCode": "3608",
				"securityTypeDesc": "ת.שילוב סחורה אגח"
			},
			{
				"securityFullTypeCode": "3609",
				"securityTypeDesc": "ת.מתחלף סחורה אגח"
			},
			{
				"securityFullTypeCode": "3610",
				"securityTypeDesc": "ת.חוזה-אג\"ח"
			},
			{
				"securityFullTypeCode": "3701",
				"securityTypeDesc": "ת.חסר אגח מקומי"
			},
			{
				"securityFullTypeCode": "3702",
				"securityTypeDesc": "ת.חסר אגח בנלאומי"
			},
			{
				"securityFullTypeCode": "3703",
				"securityTypeDesc": "ת.ח.סחורה-אגח"
			},
			{
				"securityFullTypeCode": "3801",
				"securityTypeDesc": "אכ.ר אגח מקומי"
			},
			{
				"securityFullTypeCode": "3802",
				"securityTypeDesc": "אכ.ר אגח בנלאומי"
			},
			{
				"securityFullTypeCode": "3803",
				"securityTypeDesc": "אכ.ר סחרה-אגח"
			},
			{
				"securityFullTypeCode": "3804",
				"securityTypeDesc": "אכ.ר מטח-אגח"
			},
			{
				"securityFullTypeCode": "3901",
				"securityTypeDesc": "אכ.מ אגח מקומי"
			},
			{
				"securityFullTypeCode": "3902",
				"securityTypeDesc": "אכ.מ אגח בנלאומי"
			},
			{
				"securityFullTypeCode": "3903",
				"securityTypeDesc": "אכ.מ אגח סחורה"
			},
			{
				"securityFullTypeCode": "3904",
				"securityTypeDesc": "אכ.מ אגח מטח"
			},
			{
				"securityFullTypeCode": "4001",
				"securityTypeDesc": "תעודת פקדון שקלית"
			},
			{
				"securityFullTypeCode": "4002",
				"securityTypeDesc": "תעודת פקדון מט\"חית"
			},
			{
				"securityFullTypeCode": "4101",
				"securityTypeDesc": "קרן הייטק"
			},
			{
				"securityFullTypeCode": "4201",
				"securityTypeDesc": "קרן סל במניות"
			},
			{
				"securityFullTypeCode": "4301",
				"securityTypeDesc": "קרן סל באג\"ח"
			},
			{
				"securityFullTypeCode": "4401",
				"securityTypeDesc": "קרן חוץ נסחרת מניות"
			},
			{
				"securityFullTypeCode": "4501",
				"securityTypeDesc": "קרן חוץ נסחרת אג\"ח"
			},
			{
				"securityFullTypeCode": "4601",
				"securityTypeDesc": "קרן השקעה נייר יצירה"
			},
			{
				"securityFullTypeCode": "4602",
				"securityTypeDesc": "קרן השקעה נייר פדיון"
			},
			{
				"securityFullTypeCode": "4603",
				"securityTypeDesc": "קרן גידור נייר יצירה"
			},
			{
				"securityFullTypeCode": "4604",
				"securityTypeDesc": "קרן גידור נייר פדיון"
			},
			{
				"securityFullTypeCode": "9001",
				"securityTypeDesc": "זיהוי הנפקה"
			}
		],
		"total": 219
	}
}