{
    "usersList": {
        "tom": [
            {
                "levelOfRisk": 2,
                "startingInvestmentAmount": 1000,
                "stocksSymbols": [
                    "TA35.TA",
                    "TA90.TA",
                    601,
                    602,
                    700,
                    701,
                    702,
                    "SPY",
                    "QQQ",
                    "rut",
                    "IEI",
                    "LQD",
                    "Gsg",
                    "GLD",
                    "OIL"
                ],
                "sectorsNames": [
                    "Israel stocks",
                    "Israel general bonds",
                    "Israel government bonds",
                    "US stocks",
                    "US bonds",
                    "US commodity"
                ],
                "sectorsWeights": [
                    0.16472386061980238,
                    0.12079155478421408,
                    0.3188296134565619,
                    0.13355258020372351,
                    0.040253227582398965,
                    0.11429291455681419
                ],
                "stocksWeights": [
                    0.021286342252800534,
                    0.14343751836700183,
                    0.11346711006333576,
                    0.007324444720878318,
                    0.11526351903699388,
                    0.08668963940959928,
                    0.11687645500996875,
                    0.004833870238141245,
                    0.12871870996558227,
                    0.044682314010477786,
                    0.056592080713110005,
                    0.040253227582398965,
                    0.006281854072897133,
                    0.10522202548344818,
                    0.009070889073366001
                ],
                "annualReturns": 5.067042284244957,
                "annualMaxLoss": -3.311753354118812,
                "annualVolatility": 5.078057962644709,
                "annualSharpe": 0.9978307300781546,
                "totalChange": 1.7658009323125952,
                "monthlyChange": 0.21072732046423237,
                "dailyChange": 0.0046887130581684325,
                "selectedModel": 1,
                "machineLearningOpt": 0
            }
        ],
        "yarden": [
            {
                "levelOfRisk": 2,
                "startingInvestmentAmount": 2000,
                "stocksSymbols": [
                    "TA35.TA",
                    "TA90.TA",
                    601,
                    602,
                    700,
                    701,
                    702,
                    "SPY",
                    "QQQ",
                    "rut",
                    "IEI",
                    "LQD",
                    "Gsg",
                    "GLD",
                    "OIL"
                ],
                "sectorsNames": [
                    "Israel stocks",
                    "Israel general bonds",
                    "Israel government bonds",
                    "US stocks",
                    "US bonds",
                    "US commodity"
                ],
                "sectorsWeights": [
                    0.16472386061980238,
                    0.12079155478421408,
                    0.3188296134565619,
                    0.13355258020372351,
                    0.040253227582398965,
                    0.11429291455681419
                ],
                "stocksWeights": [
                    0.021286342252800534,
                    0.14343751836700183,
                    0.11346711006333576,
                    0.007324444720878318,
                    0.11526351903699388,
                    0.08668963940959928,
                    0.11687645500996875,
                    0.004833870238141245,
                    0.12871870996558227,
                    0.044682314010477786,
                    0.056592080713110005,
                    0.040253227582398965,
                    0.006281854072897133,
                    0.10522202548344818,
                    0.009070889073366001
                ],
                "annualReturns": 5.067042084619748,
                "annualMaxLoss": -3.311752416761184,
                "annualVolatility": 5.078057273564202,
                "annualSharpe": 0.9978308261701189,
                "totalChange": 1.7658008978315722,
                "monthlyChange": 0.21072732046423237,
                "dailyChange": 0.0046887130581684325,
                "selectedModel": 1,
                "machineLearningOpt": 0
            }
        ]
    }
}