,142,601,602,715,Spy,Lqd,Gsg
,closingIndexPrice,closingIndexPrice,closingIndexPrice,closingIndexPrice,Forecast,Forecast,Forecast
0,,,,,,,
1,,,,,,,
2,,,,,,,
3,,,,,,,
4,,,,,,,
5,,,,,,,
6,,,,,,,
7,,,,,,,
8,,,,,,,
9,,,,,,,
10,,,,,,,
11,,,,,,,
12,,,,,,,
13,,,,,,,
14,,,,,,,
15,,,,,,,
16,,,,,,,
17,,,,,,,
18,,,,,,,
19,,,,,,,
20,,,,,,,
21,,,,,,,
22,,,,,,,
23,,,,,,,
24,,,,,,,
25,,,,,,,
26,,,,,,,
27,,,,,,,
28,,,,,,,
29,,,,,,,
30,,,,,,,
31,,,,,,,
32,,,,,,,
33,,,,,,,
34,,,,,,,
35,,,,,,,
36,,,,,,,
37,,,,,,,
38,,,,,,,
39,,,,,,,
40,,,,,,,
41,,,,,,,
42,,,,,,,
43,,,,,,,
44,,,,,,,
45,,,,,,,
46,,,,,,,
47,,,,,,,
48,,,,,,,
49,,,,,,,
50,,,,,,,
51,,,,,,,
52,,,,,,,
53,,,,,,,
54,,,,,,,
55,,,,,,,
56,,,,,,,
57,,,,,,,
58,,,,,,,
59,,,,,,,
60,,,,,,,
61,,,,,,,
62,,,,,,,
63,,,,,,,
64,,,,,,,
65,,,,,,,
66,,,,,,,
67,,,,,,,
68,,,,,,,
69,,,,,,,
70,,,,,,,
71,,,,,,,
72,,,,,,,
73,,,,,,,
74,,,,,,,
75,,,,,,,
76,,,,,,,
77,,,,,,,
78,,,,,,,
79,,,,,,,
80,,,,,,,
81,,,,,,,
82,,,,,,,
83,,,,,,,
84,,,,,,,
85,,,,,,,
86,,,,,,,
87,,,,,,,
88,,,,,,,
89,,,,,,,
90,,,,,,,
91,,,,,,,
92,,,,,,,
93,,,,,,,
94,,,,,,,
95,,,,,,,
96,,,,,,,
97,,,,,,,
98,,,,,,,
99,,,,,,,
100,,,,,,,
101,,,,,,,
102,,,,,,,
103,,,,,,,
104,,,,,,,
105,,,,,,,
106,,,,,,,
107,,,,,,,
108,,,,,,,
109,,,,,,,
110,,,,,,,
111,,,,,,,
112,,,,,,,
113,,,,,,,
114,,,,,,,
115,,,,,,,
116,,,,,,,
117,,,,,,,
118,,,,,,,
119,,,,,,,
120,,,,,,,
121,,,,,,,
122,,,,,,,
123,,,,,,,
124,,,,,,,
125,,,,,,,
126,,,,,,,
127,,,,,,,
128,,,,,,,
129,,,,,,,
130,,,,,,,
131,,,,,,,
132,,,,,,,
133,,,,,,,
134,,,,,,,
135,,,,,,,
136,,,,,,,
137,,,,,,,
138,,,,,,,
139,,,,,,,
140,,,,,,,
141,,,,,,,
142,,,,,,,
143,,,,,,,
144,,,,,,,
145,,,,,,,
146,,,,,,,
147,,,,,,,
148,,,,,,,
149,,,,,,,
150,,,,,,,
151,,,,,,,
152,,,,,,,
153,,,,,,,
154,,,,,,,
155,,,,,,,
156,,,,,,,
157,,,,,,,
158,,,,,,,
159,,,,,,,
160,,,,,,,
161,,,,,,,
162,,,,,,,
163,,,,,,,
164,,,,,,,
165,,,,,,,
166,,,,,,,
167,,,,,,,
168,,,,,,,
169,,,,,,,
170,,,,,,,
171,,,,,,,
172,,,,,,,
173,,,,,,,
174,,,,,,,
175,,,,,,,
176,,,,,,,
177,,,,,,,
178,,,,,,,
179,,,,,,,
180,,,,,,,
181,,,,,,,
182,,,,,,,
183,,,,,,,
184,,,,,,,
185,,,,,,,
186,,,,,,,
187,,,,,,,
188,,,,,,,
189,,,,,,,
190,,,,,,,
191,,,,,,,
192,,,,,,,
193,,,,,,,
194,,,,,,,
195,,,,,,,
196,,,,,,,
197,,,,,,,
198,,,,,,,
199,,,,,,,
200,,,,,,,
201,,,,,,,
202,,,,,,,
203,,,,,,,
204,,,,,,,
205,,,,,,,
206,,,,,,,
207,,,,,,,
208,,,,,,,
209,,,,,,,
210,,,,,,,
211,,,,,,,
212,,,,,,,
213,,,,,,,
214,,,,,,,
215,,,,,,,
216,,,,,,,
217,,,,,,,
218,,,,,,,
219,,,,,,,
220,,,,,,,
221,,,,,,,
222,,,,,,,
223,,,,,,,
224,,,,,,,
225,,,,,,,
226,,,,,,,
227,,,,,,,
228,,,,,,,
229,,,,,,,
230,,,,,,,
231,,,,,,,
232,,,,,,,
233,,,,,,,
234,,,,,,,
235,,,,,,,
236,,,,,,,
237,,,,,,,
238,,,,,,,
239,,,,,,,
240,,,,,,,
241,,,,,,,
242,,,,,,,
243,,,,,,,
244,,,,,,,
245,,,,,,,
246,,,,,,,
247,,,,,,,
248,,,,,,,
249,,,,,,,
250,,,,,,,
251,,,,,,,
252,,,,,,,
253,,,,,,,
254,,,,,,,
255,,,,,,,
256,,,,,,,
257,,,,,,,
258,,,,,,,
259,,,,,,,
260,,,,,,,
261,,,,,,,
262,,,,,,,
263,,,,,,,
264,,,,,,,
265,,,,,,,
266,,,,,,,
267,,,,,,,
268,,,,,,,
269,,,,,,,
270,,,,,,,
271,,,,,,,
272,,,,,,,
273,,,,,,,
274,,,,,,,
275,,,,,,,
276,,,,,,,
277,,,,,,,
278,,,,,,,
279,,,,,,,
280,,,,,,,
281,,,,,,,
282,,,,,,,
283,,,,,,,
284,,,,,,,
285,,,,,,,
286,,,,,,,
287,,,,,,,
288,,,,,,,
289,,,,,,,
290,,,,,,,
291,,,,,,,
292,,,,,,,
293,,,,,,,
294,,,,,,,
295,,,,,,,
296,,,,,,,
297,,,,,,,
298,,,,,,,
299,,,,,,,
300,,,,,,,
301,,,,,,,
302,,,,,,,
303,,,,,,,
304,,,,,,,
305,,,,,,,
306,,,,,,,
307,,,,,,,
308,,,,,,,
309,,,,,,,
310,,,,,,,
311,,,,,,,
312,,,,,,,
313,,,,,,,
314,,,,,,,
315,,,,,,,
316,,,,,,,
317,,,,,,,
318,,,,,,,
319,,,,,,,
320,,,,,,,
321,,,,,,,
322,,,,,,,
323,,,,,,,
324,,,,,,,
325,,,,,,,
326,,,,,,,
327,,,,,,,
328,,,,,,,
329,,,,,,,
330,,,,,,,
331,,,,,,,
332,,,,,,,
333,,,,,,,
334,,,,,,,
335,,,,,,,
336,,,,,,,
337,,,,,,,
338,,,,,,,
339,,,,,,,
340,,,,,,,
341,,,,,,,
342,,,,,,,
343,,,,,,,
344,,,,,,,
345,,,,,,,
346,,,,,,,
347,,,,,,,
348,,,,,,,
349,,,,,,,
350,,,,,,,
351,,,,,,,
352,,,,,,,
353,,,,,,,
354,,,,,,,
355,,,,,,,
356,,,,,,,
357,,,,,,,
358,,,,,,,
359,,,,,,,
360,,,,,,,
361,,,,,,,
362,,,,,,,
363,,,,,,,
364,,,,,,,
365,,,,,,,
366,,,,,,,
367,,,,,,,
368,,,,,,,
369,,,,,,,
370,,,,,,,
371,,,,,,,
372,,,,,,,
373,,,,,,,
374,,,,,,,
375,,,,,,,
376,,,,,,,
377,,,,,,,
378,,,,,,,
379,,,,,,,
380,,,,,,,
381,,,,,,,
382,,,,,,,
383,,,,,,,
384,,,,,,,
385,,,,,,,
386,,,,,,,
387,,,,,,,
388,,,,,,,
389,,,,,,,
390,,,,,,,
391,,,,,,,
392,,,,,,,
393,,,,,,,
394,,,,,,,
395,,,,,,,
396,,,,,,,
397,,,,,,,
398,,,,,,,
399,,,,,,,
400,,,,,,,
401,,,,,,,
402,,,,,,,
403,,,,,,,
404,,,,,,,
405,,,,,,,
406,,,,,,,
407,,,,,,,
408,,,,,,,
409,,,,,,,
410,,,,,,,
411,,,,,,,
412,,,,,,,
413,,,,,,,
414,,,,,,,
415,,,,,,,
416,,,,,,,
417,,,,,,,
418,,,,,,,
419,,,,,,,
420,,,,,,,
421,,,,,,,
422,,,,,,,
423,,,,,,,
424,,,,,,,
425,,,,,,,
426,,,,,,,
427,,,,,,,
428,,,,,,,
429,,,,,,,
430,,,,,,,
431,,,,,,,
432,,,,,,,
433,,,,,,,
434,,,,,,,
435,,,,,,,
436,,,,,,,
437,,,,,,,
438,,,,,,,
439,,,,,,,
440,,,,,,,
441,,,,,,,
442,,,,,,,
443,,,,,,,
444,,,,,,,
445,,,,,,,
446,,,,,,,
447,,,,,,,
448,,,,,,,
449,,,,,,,
450,,,,,,,
451,,,,,,,
452,,,,,,,
453,,,,,,,
454,,,,,,,
455,,,,,,,
456,,,,,,,
457,,,,,,,
458,,,,,,,
459,,,,,,,
460,,,,,,,
461,,,,,,,
462,,,,,,,
463,,,,,,,
464,,,,,,,
465,,,,,,,
466,,,,,,,
467,,,,,,,
468,,,,,,,
469,,,,,,,
470,,,,,,,
471,,,,,,,
472,,,,,,,
473,,,,,,,
474,,,,,,,
475,,,,,,,
476,,,,,,,
477,,,,,,,
478,,,,,,,
479,,,,,,,
480,,,,,,,
481,,,,,,,
482,,,,,,,
483,,,,,,,
484,,,,,,,
485,,,,,,,
486,,,,,,,
487,,,,,,,
488,,,,,,,
489,,,,,,,
490,,,,,,,
491,,,,,,,
492,,,,,,,
493,,,,,,,
494,,,,,,,
495,,,,,,,
496,,,,,,,
497,,,,,,,
498,,,,,,,
499,,,,,,,
500,,,,,,,
501,,,,,,,
502,,,,,,,
503,,,,,,,
504,,,,,,,
505,,,,,,,
506,,,,,,,
507,,,,,,,
508,,,,,,,
509,,,,,,,
510,,,,,,,
511,,,,,,,
512,,,,,,,
513,,,,,,,
514,,,,,,,
515,,,,,,,
516,,,,,,,
517,,,,,,,
518,,,,,,,
519,,,,,,,
520,,,,,,,
521,,,,,,,
522,,,,,,,
523,,,,,,,
524,,,,,,,
525,,,,,,,
526,,,,,,,
527,,,,,,,
528,,,,,,,
529,,,,,,,
530,,,,,,,
531,,,,,,,
532,,,,,,,
533,,,,,,,
534,,,,,,,
535,,,,,,,
536,,,,,,,
537,,,,,,,
538,,,,,,,
539,,,,,,,
540,,,,,,,
541,,,,,,,
542,,,,,,,
543,,,,,,,
544,,,,,,,
545,,,,,,,
546,,,,,,,
547,,,,,,,
548,,,,,,,
549,,,,,,,
550,,,,,,,
551,,,,,,,
552,,,,,,,
553,,,,,,,
554,,,,,,,
555,,,,,,,
556,,,,,,,
557,,,,,,,
558,,,,,,,
559,,,,,,,
560,,,,,,,
561,,,,,,,
562,,,,,,,
563,,,,,,,
564,,,,,,,
565,,,,,,,
566,,,,,,,
567,,,,,,,
568,,,,,,,
569,,,,,,,
570,,,,,,,
571,,,,,,,
572,,,,,,,
573,,,,,,,
574,,,,,,,
575,,,,,,,
576,,,,,,,
577,,,,,,,
578,,,,,,,
579,,,,,,,
580,,,,,,,
581,,,,,,,
582,,,,,,,
583,,,,,,,
584,,,,,,,
585,,,,,,,
586,,,,,,,
587,,,,,,,
588,,,,,,,
589,,,,,,,
590,,,,,,,
591,,,,,,,
592,,,,,,,
593,,,,,,,
594,,,,,,,
595,,,,,,,
596,,,,,,,
597,,,,,,,
598,,,,,,,
599,,,,,,,
600,,,,,,,
601,,,,,,,
602,,,,,,,
603,,,,,,,
604,,,,,,,
605,,,,,,,
606,,,,,,,
607,,,,,,,
608,,,,,,,
609,,,,,,,
610,,,,,,,
611,,,,,,,
612,,,,,,,
613,,,,,,,
614,,,,,,,
615,,,,,,,
616,,,,,,,
617,,,,,,,
618,,,,,,,
619,,,,,,,
620,,,,,,,
621,,,,,,,
622,,,,,,,
623,,,,,,,
624,,,,,,,
625,,,,,,,
626,,,,,,,
627,,,,,,,
628,,,,,,,
629,,,,,,,
630,,,,,,,
631,,,,,,,
632,,,,,,,
633,,,,,,,
634,,,,,,,
635,,,,,,,
636,,,,,,,
637,,,,,,,
638,,,,,,,
639,,,,,,,
640,,,,,,,
641,,,,,,,
642,,,,,,,
643,,,,,,,
644,,,,,,,
645,,,,,,,
646,,,,,,,
647,,,,,,,
648,,,,,,,
649,,,,,,,
650,,,,,,,
651,,,,,,,
652,,,,,,,
653,,,,,,,
654,,,,,,,
655,,,,,,,
656,,,,,,,
657,,,,,,,
658,,,,,,,
659,,,,,,,
660,,,,,,,
661,,,,,,,
662,,,,,,,
663,,,,,,,
664,,,,,,,
665,,,,,,,
666,,,,,,,
667,,,,,,,
668,,,,,,,
669,,,,,,,
670,,,,,,,
671,,,,,,,
672,,,,,,,
673,,,,,,,
674,,,,,,,
675,,,,,,,
676,,,,,,,
677,,,,,,,
678,,,,,,,
679,,,,,,,
680,,,,,,,
681,,,,,,,
682,,,,,,,
683,,,,,,,
684,,,,,,,
685,,,,,,,
686,,,,,,,
687,,,,,,,
688,,,,,,,
689,,,,,,,
690,,,,,,,
691,,,,,,,
692,,,,,,,
693,,,,,,,
694,,,,,,,
695,,,,,,,
696,,,,,,,
697,,,,,,,
698,,,,,,,
699,,,,,,,
700,,,,,,,
701,,,,,,,
702,,,,,,,
703,,,,,,,
704,,,,,,,
705,,,,,,,
706,,,,,,,
707,,,,,,,
708,,,,,,,
709,,,,,,,
710,,,,,,,
711,,,,,,,
712,,,,,,,
713,,,,,,,
714,,,,,,,
715,,,,,,,
716,,,,,,,
717,,,,,,,
718,,,,,,,
719,,,,,,,
720,,,,,,,
721,,,,,,,
722,,,,,,,
723,,,,,,,
724,,,,,,,
725,,,,,,,
726,,,,,,,
727,,,,,,,
728,,,,,,,
729,,,,,,,
730,,,,,,,
731,,,,,,,
732,,,,,,,
733,,,,,,,
734,,,,,,,
735,,,,,,,
736,,,,,,,
737,,,,,,,
738,,,,,,,
739,,,,,,,
740,,,,,,,
741,,,,,,,
742,,,,,,,
743,,,,,,,
744,,,,,,,
745,,,,,,,
746,,,,,,,
747,,,,,,,
748,,,,,,,
749,,,,,,,
750,,,,,,,
751,,,,,,,
752,,,,,,,
753,,,,,,,
754,,,,,,,
755,,,,,,,
756,,,,,,,
757,,,,,,,
758,,,,,,,
759,,,,,,,
760,,,,,,,
761,,,,,,,
762,,,,,,,
763,,,,,,,
764,,,,,,,
765,,,,,,,
766,,,,,,,
767,,,,,,,
768,,,,,,,
769,,,,,,,
770,,,,,,,
771,,,,,,,
772,,,,,,,
773,,,,,,,
774,,,,,,,
775,,,,,,,
776,,,,,,,
777,,,,,,,
778,,,,,,,
779,,,,,,,
780,,,,,,,
781,,,,,,,
782,,,,,,,
783,,,,,,,
784,,,,,,,
785,,,,,,,
786,,,,,,,
787,,,,,,,
788,,,,,,,
789,,,,,,,
790,,,,,,,
791,,,,,,,
792,,,,,,,
793,,,,,,,
794,,,,,,,
795,,,,,,,
796,,,,,,,
797,,,,,,,
798,,,,,,,
799,,,,,,,
800,,,,,,,
801,,,,,,,
802,,,,,,,
803,,,,,,,
804,,,,,,,
805,,,,,,,
806,,,,,,,
807,,,,,,,
808,,,,,,,
809,,,,,,,
810,,,,,,,
811,,,,,,,
812,,,,,,,
813,,,,,,,
814,,,,,,,
815,,,,,,,
816,,,,,,,
817,,,,,,,
818,,,,,,,
819,,,,,,,
820,,,,,,,
821,,,,,,,
822,,,,,,,
823,,,,,,,
824,,,,,,,
825,,,,,,,
826,,,,,,,
827,,,,,,,
828,,,,,,,
829,,,,,,,
830,,,,,,,
831,,,,,,,
832,,,,,,,
833,,,,,,,
834,,,,,,,
835,,,,,,,
836,,,,,,,
837,,,,,,,
838,,,,,,,
839,,,,,,,
840,,,,,,,
841,,,,,,,
842,,,,,,,
843,,,,,,,
844,,,,,,,
845,,,,,,,
846,,,,,,,
847,,,,,,,
848,,,,,,,
849,,,,,,,
850,,,,,,,
851,,,,,,,
852,,,,,,,
853,,,,,,,
854,,,,,,,
855,,,,,,,
856,,,,,,,
857,,,,,,,
858,,,,,,,
859,,,,,,,
860,,,,,,,
861,,,,,,,
862,,,,,,,
863,,,,,,,
864,,,,,,,
865,,,,,,,
866,,,,,,,
867,,,,,,,
868,,,,,,,
869,,,,,,,
870,,,,,,,
871,,,,,,,
872,,,,,,,
873,,,,,,,
874,,,,,,,
875,,,,,,,
876,,,,,,,
877,,,,,,,
878,,,,,,,
879,,,,,,,
880,,,,,,,
881,,,,,,,
882,,,,,,,
883,,,,,,,
884,,,,,,,
885,,,,,,,
886,,,,,,,
887,,,,,,,
888,,,,,,,
889,,,,,,,
890,,,,,,,
891,,,,,,,
892,,,,,,,
893,,,,,,,
894,,,,,,,
895,,,,,,,
896,,,,,,,
897,,,,,,,
898,,,,,,,
899,,,,,,,
900,,,,,,,
901,,,,,,,
902,,,,,,,
903,,,,,,,
904,,,,,,,
905,,,,,,,
906,,,,,,,
907,,,,,,,
908,,,,,,,
909,,,,,,,
910,,,,,,,
911,,,,,,,
912,,,,,,,
913,,,,,,,
914,,,,,,,
915,,,,,,,
916,,,,,,,
917,,,,,,,
918,,,,,,,
919,,,,,,,
920,,,,,,,
921,,,,,,,
922,,,,,,,
923,,,,,,,
924,,,,,,,
925,,,,,,,
926,,,,,,,
927,,,,,,,
928,,,,,,,
929,,,,,,,
930,,,,,,,
931,,,,,,,
932,,,,,,,
933,,,,,,,
934,,,,,,,
935,,,,,,,
936,,,,,,,
937,,,,,,,
938,,,,,,,
939,,,,,,,
940,,,,,,,
941,,,,,,,
942,,,,,,,
943,,,,,,,
944,,,,,,,
945,,,,,,,
946,,,,,,,
947,,,,,,,
948,,,,,,,
949,,,,,,,
950,,,,,,,
951,,,,,,,
952,,,,,,,
953,,,,,,,
954,,,,,,,
955,,,,,,,
956,,,,,,,
957,,,,,,,
958,,,,,,,
959,,,,,,,
960,,,,,,,
961,,,,,,,
962,,,,,,,
963,,,,,,,
964,,,,,,,
965,,,,,,,
966,,,,,,,
967,,,,,,,
968,,,,,,,
969,,,,,,,
970,,,,,,,
971,,,,,,,
972,,,,,,,
973,,,,,,,
974,,,,,,,
975,,,,,,,
976,,,,,,,
977,,,,,,,
978,,,,,,,
979,,,,,,,
980,,,,,,,
981,,,,,,,
982,,,,,,,
983,,,,,,,
984,,,,,,,
985,,,,,,,
986,,,,,,,
987,,,,,,,
988,,,,,,,
989,,,,,,,
990,,,,,,,
991,,,,,,,
992,,,,,,,
993,,,,,,,
994,,,,,,,
995,,,,,,,
996,,,,,,,
997,,,,,,,
998,,,,,,,
999,,,,,,,
1000,,,,,,,
1001,,,,,,,
1002,,,,,,,
1003,,,,,,,
1004,,,,,,,
1005,,,,,,,
1006,,,,,,,
1007,,,,,,,
1008,,,,,,,
1009,,,,,,,
1010,,,,,,,
1011,,,,,,,
1012,,,,,,,
1013,,,,,,,
1014,,,,,,,
1015,,,,,,,
1016,,,,,,,
1017,,,,,,,
1018,,,,,,,
1019,,,,,,,
1020,,,,,,,
1021,,,,,,,
1022,,,,,,,
1023,,,,,,,
1024,,,,,,,
1025,,,,,,,
1026,,,,,,,
1027,,,,,,,
1028,,,,,,,
1029,,,,,,,
1030,,,,,,,
1031,,,,,,,
1032,,,,,,,
1033,,,,,,,
1034,,,,,,,
1035,,,,,,,
1036,,,,,,,
1037,,,,,,,
1038,,,,,,,
1039,,,,,,,
1040,,,,,,,
1041,,,,,,,
1042,,,,,,,
1043,,,,,,,
1044,,,,,,,
1045,,,,,,,
1046,,,,,,,
1047,,,,,,,
1048,,,,,,,
1049,,,,,,,
1050,,,,,,,
1051,,,,,,,
1052,,,,,,,
1053,,,,,,,
1054,,,,,,,
1055,,,,,,,
1056,,,,,,,
1057,,,,,,,
1058,,,,,,,
1059,,,,,,,
1060,,,,,,,
1061,,,,,,,
1062,,,,,,,
1063,,,,,,,
1064,,,,,,,
1065,,,,,,,
1066,,,,,,,
1067,,,,,,,
1068,,,,,,,
1069,,,,,,,
1070,,,,,,,
1071,,,,,,,
1072,,,,,,,
1073,,,,,,,
1074,,,,,,,
1075,,,,,,,
1076,,,,,,,
1077,,,,,,,
1078,,,,,,,
1079,,,,,,,
1080,,,,,,,
1081,,,,,,,
1082,,,,,,,
1083,,,,,,,
1084,,,,,,,
1085,,,,,,,
1086,,,,,,,
1087,,,,,,,
1088,,,,,,,
1089,,,,,,,
1090,,,,,,,
1091,,,,,,,
1092,,,,,,,
1093,,,,,,,
1094,,,,,,,
1095,,,,,,,
1096,,,,,,,
1097,,,,,,,
1098,,,,,,,
1099,,,,,,,
1100,,,,,,,
1101,,,,,,,
1102,,,,,,,
1103,,,,,,,
1104,,,,,,,
1105,,,,,,,
1106,,,,,,,
1107,,,,,,,
1108,,,,,,,
1109,,,,,,,
1110,,,,,,,
1111,,,,,,,
1112,,,,,,,
1113,,,,,,,
1114,,,,,,,
1115,,,,,,,
1116,,,,,,,
1117,,,,,,,
1118,,,,,,,
1119,,,,,,,
1120,,,,,,,
1121,,,,,,,
1122,,,,,,,
1123,,,,,,,
1124,,,,,,,
1125,,,,,,,
1126,,,,,,,
1127,,,,,,,
1128,,,,,,,
1129,,,,,,,
1130,,,,,,,
1131,,,,,,,
1132,,,,,,,
1133,,,,,,,
1134,,,,,,,
1135,,,,,,,
1136,,,,,,,
1137,,,,,,,
1138,,,,,,,
1139,,,,,,,
1140,,,,,,,
1141,,,,,,,
1142,,,,,,,
1143,,,,,,,
1144,,,,,,,
1145,,,,,,,
1146,,,,,,,
1147,,,,,,,
1148,,,,,,,
1149,,,,,,,
1150,,,,,,,
1151,,,,,,,
1152,,,,,,,
1153,,,,,,,
1154,,,,,,,
1155,,,,,,,
1156,,,,,,,
1157,,,,,,,
1158,,,,,,,
1159,,,,,,,
1160,,,,,,,
1161,,,,,,,
1162,,,,,,,
1163,,,,,,,
1164,,,,,,,
1165,,,,,,,
1166,,,,,,,
1167,,,,,,,
1168,,,,,,,
1169,,,,,,,
1170,,,,,,,
1171,,,,,,,
1172,,,,,,,
1173,,,,,,,
1174,,,,,,,
1175,,,,,,,
1176,,,,,,,
1177,,,,,,,
1178,,,,,,,
1179,,,,,,,
1180,,,,,,,
1181,,,,,,,
1182,,,,,,,
1183,,,,,,,
1184,,,,,,,
1185,,,,,,,
1186,,,,,,,
1187,,,,,,,
1188,,,,,,,
1189,,,,,,,
1190,,,,,,,
1191,,,,,,,
1192,,,,,,,
1193,,,,,,,
1194,,,,,,,
1195,,,,,,,
1196,,,,,,,
1197,,,,,,,
1198,,,,,,,
1199,,,,,,,
1200,,,,,,,
1201,,,,,,,
1202,,,,,,,
1203,,,,,,,
1204,,,,,,,
1205,,,,,,,
1206,,,,,,,
1207,,,,,,,
1208,,,,,,,
1209,,,,,,,
1210,,,,,,,
1211,,,,,,,
1212,,,,,,,
1213,,,,,,,
1214,,,,,,,
1215,,,,,,,
1216,,,,,,,
1217,,,,,,,
1218,,,,,,,
1219,,,,,,,
1220,,,,,,,
1221,,,,,,,
1222,,,,,,,
1223,,,,,,,
1224,,,,,,,
1225,,,,,,,
1226,,,,,,,
1227,,,,,,,
1228,,,,,,,
1229,,,,,,,
1230,,,,,,,
1231,,,,,,,
1232,,,,,,,
1233,,,,,,,
1234,,,,,,,
1235,,,,,,,
1236,,,,,,,
1237,,,,,,,
1238,,,,,,,
1239,,,,,,,
1240,,,,,,,
1241,,,,,,,
1242,,,,,,,
1243,,,,,,,
1244,,,,,,,
1245,,,,,,,
1246,,,,,,,
1247,,,,,,,
1248,,,,,,,
1249,,,,,,,
1250,,,,,,,
1251,,,,,,,
1252,,,,,,,
1253,,,,,,,
1254,,,,,,,
1255,,,,,,,
1256,,,,,,,
1257,,,,,,,
1258,,,,,,,
1259,,,,,,,
1260,,,,,,,
1261,,,,,,,
1262,,,,,,,
1263,,,,,,,
1264,,,,,,,
1265,,,,,,,
1266,,,,,,,
1267,,,,,,,
1268,,,,,,,
1269,,,,,,,
1270,,,,,,,
1271,,,,,,,
1272,,,,,,,
1273,,,,,,,
1274,,,,,,,
1275,,,,,,,
1276,,,,,,,
1277,,,,,,,
1278,,,,,,,
1279,,,,,,,
1280,,,,,,,
1281,,,,,,,
1282,,,,,,,
1283,,,,,,,
1284,,,,,,,
1285,,,,,,,
1286,,,,,,,
1287,,,,,,,
1288,,,,,,,
1289,,,,,,,
1290,,,,,,,
1291,,,,,,,
1292,,,,,,,
1293,,,,,,,
1294,,,,,,,
1295,,,,,,,
1296,,,,,,,
1297,,,,,,,
1298,,,,,,,
1299,,,,,,,
1300,,,,,,,
1301,,,,,,,
1302,,,,,,,
1303,,,,,,,
1304,,,,,,,
1305,,,,,,,
1306,,,,,,,
1307,,,,,,,
1308,,,,,,,
1309,,,,,,,
1310,,,,,,,
1311,,,,,,,
1312,,,,,,,
1313,,,,,,,
1314,,,,,,,
1315,,,,,,,
1316,,,,,,,
1317,,,,,,,
1318,,,,,,,
1319,,,,,,,
1320,,,,,,,
1321,,,,,,,
1322,,,,,,,
1323,,,,,,,
1324,,,,,,,
1325,,,,,,,
1326,,,,,,,
1327,,,,,,,
1328,,,,,,,
1329,,,,,,,
1330,,,,,,,
1331,,,,,,,
1332,,,,,,,
1333,,,,,,,
1334,,,,,,,
1335,,,,,,,
1336,,,,,,,
1337,,,,,,,
1338,,,,,,,
1339,,,,,,,
1340,,,,,,,
1341,,,,,,,
1342,,,,,,,
1343,,,,,,,
1344,,,,,,,
1345,,,,,,,
1346,,,,,,,
1347,,,,,,,
1348,,,,,,,
1349,,,,,,,
1350,,,,,,,
1351,,,,,,,
1352,,,,,,,
1353,,,,,,,
1354,,,,,,,
1355,,,,,,,
1356,,,,,,,
1357,,,,,,,
1358,,,,,,,
1359,,,,,,,
1360,,,,,,,
1361,,,,,,,
1362,,,,,,,
1363,,,,,,,
1364,,,,,,,
1365,,,,,,,
1366,,,,,,,
1367,,,,,,,
1368,,,,,,,
1369,,,,,,,
1370,,,,,,,
1371,,,,,,,
1372,,,,,,,
1373,,,,,,,
1374,,,,,,,
1375,,,,,,,
1376,,,,,,,
1377,,,,,,,
1378,,,,,,,
1379,,,,,,,
1380,,,,,,,
1381,,,,,,,
1382,,,,,,,
1383,,,,,,,
1384,,,,,,,
1385,,,,,,,
1386,,,,,,,
1387,,,,,,,
1388,,,,,,,
1389,,,,,,,
1390,,,,,,,
1391,,,,,,,
1392,,,,,,,
1393,,,,,,,
1394,,,,,,,
1395,,,,,,,
1396,,,,,,,
1397,,,,,,,
1398,,,,,,,
1399,,,,,,,
1400,,,,,,,
1401,,,,,,,
1402,,,,,,,
1403,,,,,,,
1404,,,,,,,
1405,,,,,,,
1406,,,,,,,
1407,,,,,,,
1408,,,,,,,
1409,,,,,,,
1410,,,,,,,
1411,,,,,,,
1412,,,,,,,
1413,,,,,,,
1414,,,,,,,
1415,,,,,,,
1416,,,,,,,
1417,,,,,,,
1418,,,,,,,
1419,,,,,,,
1420,,,,,,,
1421,,,,,,,
1422,,,,,,,
1423,,,,,,,
1424,,,,,,,
1425,,,,,,,
1426,,,,,,,
1427,,,,,,,
1428,,,,,,,
1429,,,,,,,
1430,,,,,,,
1431,,,,,,,
1432,,,,,,,
1433,,,,,,,
1434,,,,,,,
1435,,,,,,,
1436,,,,,,,
1437,,,,,,,
1438,,,,,,,
1439,,,,,,,
1440,,,,,,,
1441,,,,,,,
1442,,,,,,,
1443,,,,,,,
1444,,,,,,,
1445,,,,,,,
1446,,,,,,,
1447,,,,,,,
1448,,,,,,,
1449,,,,,,,
1450,,,,,,,
1451,,,,,,,
1452,,,,,,,
1453,,,,,,,
1454,,,,,,,
1455,,,,,,,
1456,,,,,,,
1457,,,,,,,
1458,,,,,,,
1459,,,,,,,
1460,,,,,,,
1461,,,,,,,
1462,,,,,,,
1463,,,,,,,
1464,,,,,,,
1465,,,,,,,
1466,,,,,,,
1467,,,,,,,
1468,,,,,,,
1469,,,,,,,
1470,,,,,,,
1471,,,,,,,
1472,,,,,,,
1473,,,,,,,
1474,,,,,,,
1475,,,,,,,
1476,,,,,,,
1477,,,,,,,
1478,,,,,,,
1479,,,,,,,
1480,,,,,,,
1481,,,,,,,
1482,,,,,,,
1483,,,,,,,
1484,,,,,,,
1485,,,,,,,
1486,,,,,,,
1487,,,,,,,
1488,,,,,,,
1489,,,,,,,
1490,,,,,,,
1491,,,,,,,
1492,,,,,,,
1493,,,,,,,
1494,,,,,,,
1495,,,,,,,
1496,,,,,,,
1497,,,,,,,
1498,,,,,,,
1499,,,,,,,
1500,,,,,,,
1501,,,,,,,
1502,,,,,,,
1503,,,,,,,
1504,,,,,,,
1505,,,,,,,
1506,,,,,,,
1507,,,,,,,
1508,,,,,,,
1509,,,,,,,
1510,,,,,,,
1511,,,,,,,
1512,,,,,,,
1513,,,,,,,
1514,,,,,,,
1515,,,,,,,
1516,,,,,,,
1517,,,,,,,
1518,,,,,,,
1519,,,,,,,
1520,,,,,,,
1521,,,,,,,
1522,,,,,,,
1523,,,,,,,
1524,,,,,,,
1525,,,,,,,
1526,,,,,,,
1527,,,,,,,
1528,,,,,,,
1529,,,,,,,
1530,,,,,,,
1531,,,,,,,
1532,,,,,,,
1533,,,,,,,
1534,,,,,,,
1535,,,,,,,
1536,,,,,,,
1537,,,,,,,
1538,,,,,,,
1539,,,,,,,
1540,,,,,,,
1541,,,,,,,
1542,,,,,,,
1543,,,,,,,
1544,,,,,,,
1545,,,,,,,
1546,,,,,,,
1547,,,,,,,
1548,,,,,,,
1549,,,,,,,
1550,,,,,,,
1551,,,,,,,
1552,,,,,,,
1553,,,,,,,
1554,,,,,,,
1555,,,,,,,
1556,,,,,,,
1557,,,,,,,
1558,,,,,,,
1559,,,,,,,
1560,,,,,,,
1561,,,,,,,
1562,,,,,,,
1563,,,,,,,
1564,,,,,,,
1565,,,,,,,
1566,,,,,,,
1567,,,,,,,
1568,,,,,,,
1569,,,,,,,
1570,,,,,,,
1571,,,,,,,
1572,,,,,,,
1573,,,,,,,
1574,,,,,,,
1575,,,,,,,
1576,,,,,,,
1577,,,,,,,
1578,,,,,,,
1579,,,,,,,
1580,,,,,,,
1581,,,,,,,
1582,,,,,,,
1583,,,,,,,
1584,,,,,,,
1585,,,,,,,
1586,,,,,,,
1587,,,,,,,
1588,,,,,,,
1589,,,,,,,
1590,,,,,,,
1591,,,,,,,
1592,,,,,,,
1593,,,,,,,
1594,,,,,,,
1595,,,,,,,
1596,,,,,,,
1597,,,,,,,
1598,,,,,,,
1599,,,,,,,
1600,,,,,,,
1601,,,,,,,
1602,,,,,,,
1603,,,,,,,
1604,,,,,,,
1605,,,,,,,
1606,,,,,,,
1607,,,,,,,
1608,,,,,,,
1609,,,,,,,
1610,,,,,,,
1611,,,,,,,
1612,,,,,,,
1613,,,,,,,
1614,,,,,,,
1615,,,,,,,
1616,,,,,,,
1617,,,,,,,
1618,,,,,,,
1619,,,,,,,
1620,,,,,,,
1621,,,,,,,
1622,,,,,,,
1623,,,,,,,
1624,,,,,,,
1625,,,,,,,
1626,,,,,,,
1627,,,,,,,
1628,,,,,,,
1629,,,,,,,
1630,,,,,,,
1631,,,,,,,
1632,,,,,,,
1633,,,,,,,
1634,,,,,,,
1635,,,,,,,
1636,,,,,,,
1637,,,,,,,
1638,,,,,,,
1639,,,,,,,
1640,,,,,,,
1641,,,,,,,
1642,,,,,,,
1643,,,,,,,
1644,,,,,,,
1645,,,,,,,
1646,,,,,,,
1647,,,,,,,
1648,,,,,,,
1649,,,,,,,
1650,,,,,,,
1651,,,,,,,
1652,,,,,,,
1653,,,,,,,
1654,,,,,,,
1655,,,,,,,
1656,,,,,,,
1657,,,,,,,
1658,,,,,,,
1659,,,,,,,
1660,,,,,,,
1661,,,,,,,
1662,,,,,,,
1663,,,,,,,
1664,,,,,,,
1665,,,,,,,
1666,,,,,,,
1667,,,,,,,
1668,,,,,,,
1669,,,,,,,
1670,,,,,,,
1671,,,,,,,
1672,,,,,,,
1673,,,,,,,
1674,,,,,,,
1675,,,,,,,
1676,,,,,,,
1677,,,,,,,
1678,,,,,,,
1679,,,,,,,
1680,,,,,,,
1681,,,,,,,
1682,,,,,,,
1683,,,,,,,
1684,,,,,,,
1685,,,,,,,
1686,,,,,,,
1687,,,,,,,
1688,,,,,,,
1689,,,,,,,
1690,,,,,,,
1691,,,,,,,
1692,,,,,,,
1693,,,,,,,
1694,,,,,,,
1695,,,,,,,
1696,,,,,,,
1697,,,,,,,
1698,,,,,,,
1699,,,,,,,
1700,,,,,,,
1701,,,,,,,
1702,,,,,,,
1703,,,,,,,
1704,,,,,,,
1705,,,,,,,
1706,,,,,,,
1707,,,,,,,
1708,,,,,,,
1709,,,,,,,
1710,,,,,,,
1711,,,,,,,
1712,,,,,,,
1713,,,,,,,
1714,,,,,,,
1715,,,,,,,
1716,,,,,,,
1717,,,,,,,
1718,,,,,,,
1719,,,,,,,
1720,,,,,,,
1721,,,,,,,
1722,,,,,,,
1723,,,,,,,
1724,,,,,,,
1725,,,,,,,
1726,,,,,,,
1727,,,,,,,
1728,,,,,,,
1729,,,,,,,
1730,,,,,,,
1731,,,,,,,
1732,,,,,,,
1733,,,,,,,
1734,,,,,,,
1735,,,,,,,
1736,,,,,,,
1737,,,,,,,
1738,,,,,,,
1739,,,,,,,
1740,,,,,,,
1741,,,,,,,
1742,,,,,,,
1743,,,,,,,
1744,,,,,,,
1745,,,,,,,
1746,,,,,,,
1747,,,,,,,
1748,,,,,,,
1749,,,,,,,
1750,,,,,,,
1751,,,,,,,
1752,,,,,,,
1753,,,,,,,
1754,,,,,,,
1755,,,,,,,
1756,,,,,,,
1757,,,,,,,
1758,,,,,,,
1759,,,,,,,
1760,,,,,,,
1761,,,,,,,
1762,,,,,,,
1763,,,,,,,
1764,,,,,,,
1765,,,,,,,
1766,,,,,,,
1767,,,,,,,
1768,,,,,,,
1769,,,,,,,
1770,,,,,,,
1771,,,,,,,
1772,,,,,,,
1773,,,,,,,
1774,,,,,,,
1775,,,,,,,
1776,,,,,,,
1777,,,,,,,
1778,,,,,,,
1779,,,,,,,
1780,,,,,,,
1781,,,,,,,
1782,,,,,,,
1783,,,,,,,
1784,,,,,,,
1785,,,,,,,
1786,,,,,,,
1787,,,,,,,
1788,,,,,,,
1789,,,,,,,
1790,,,,,,,
1791,,,,,,,
1792,,,,,,,
1793,,,,,,,
1794,,,,,,,
1795,,,,,,,
1796,,,,,,,
1797,,,,,,,
1798,,,,,,,
1799,,,,,,,
1800,,,,,,,
1801,,,,,,,
1802,,,,,,,
1803,,,,,,,
1804,,,,,,,
1805,,,,,,,
1806,,,,,,,
1807,,,,,,,
1808,,,,,,,
1809,,,,,,,
1810,,,,,,,
1811,,,,,,,
1812,,,,,,,
1813,,,,,,,
1814,,,,,,,
1815,,,,,,,
1816,,,,,,,
1817,,,,,,,
1818,,,,,,,
1819,,,,,,,
1820,,,,,,,
1821,,,,,,,
1822,,,,,,,
1823,,,,,,,
1824,,,,,,,
1825,,,,,,,
1826,,,,,,,
1827,,,,,,,
1828,,,,,,,
1829,,,,,,,
1830,,,,,,,
1831,,,,,,,
1832,,,,,,,
1833,,,,,,,
1834,,,,,,,
1835,,,,,,,
1836,,,,,,,
1837,,,,,,,
1838,,,,,,,
1839,,,,,,,
1840,,,,,,,
1841,,,,,,,
1842,,,,,,,
1843,,,,,,,
1844,,,,,,,
1845,,,,,,,
1846,,,,,,,
1847,,,,,,,
1848,,,,,,,
1849,,,,,,,
1850,,,,,,,
1851,,,,,,,
1852,,,,,,,
1853,,,,,,,
1854,,,,,,,
1855,,,,,,,
1856,,,,,,,
1857,,,,,,,
1858,,,,,,,
1859,,,,,,,
1860,,,,,,,
1861,,,,,,,
1862,,,,,,,
1863,,,,,,,
1864,,,,,,,
1865,,,,,,,
1866,,,,,,,
1867,,,,,,,
1868,,,,,,,
1869,,,,,,,
1870,,,,,,,
1871,,,,,,,
1872,,,,,,,
1873,,,,,,,
1874,,,,,,,
1875,,,,,,,
1876,,,,,,,
1877,,,,,,,
1878,,,,,,,
1879,,,,,,,
1880,,,,,,,
1881,,,,,,,
1882,,,,,,,
1883,,,,,,,
1884,,,,,,,
1885,,,,,,,
1886,,,,,,,
1887,,,,,,,
1888,,,,,,,
1889,,,,,,,
1890,,,,,,,
1891,,,,,,,
1892,,,,,,,
1893,,,,,,,
1894,,,,,,,
1895,,,,,,,
1896,,,,,,,
1897,,,,,,,
1898,,,,,,,
1899,,,,,,,
1900,,,,,,,
1901,,,,,,,
1902,,,,,,,
1903,,,,,,,
1904,,,,,,,
1905,,,,,,,
1906,,,,,,,
1907,,,,,,,
1908,,,,,,,
1909,,,,,,,
1910,,,,,,,
1911,,,,,,,
1912,,,,,,,
1913,,,,,,,
1914,,,,,,,
1915,,,,,,,
1916,,,,,,,
1917,,,,,,,
1918,,,,,,,
1919,,,,,,,
1920,,,,,,,
1921,,,,,,,
1922,,,,,,,
1923,,,,,,,
1924,,,,,,,
1925,,,,,,,
1926,,,,,,,
1927,,,,,,,
1928,,,,,,,
1929,,,,,,,
1930,,,,,,,
1931,,,,,,,
1932,,,,,,,
1933,,,,,,,
1934,,,,,,,
1935,,,,,,,
1936,,,,,,,
1937,,,,,,,
1938,,,,,,,
1939,,,,,,,
1940,,,,,,,
1941,,,,,,,
1942,,,,,,,
1943,,,,,,,
1944,,,,,,,
1945,,,,,,,
1946,,,,,,,
1947,,,,,,,
1948,,,,,,,
1949,,,,,,,
1950,,,,,,,
1951,,,,,,,
1952,,,,,,,
1953,,,,,,,
1954,,,,,,,
1955,,,,,,,
1956,,,,,,,
1957,,,,,,,
1958,,,,,,,
1959,,,,,,,
1960,,,,,,,
1961,,,,,,,
1962,,,,,,,
1963,,,,,,,
1964,,,,,,,
1965,,,,,,,
1966,,,,,,,
1967,,,,,,,
1968,,,,,,,
1969,,,,,,,
1970,,,,,,,
1971,,,,,,,
1972,,,,,,,
1973,,,,,,,
1974,,,,,,,
1975,,,,,,,
1976,,,,,,,
1977,,,,,,,
1978,,,,,,,
1979,,,,,,,
1980,,,,,,,
1981,,,,,,,
1982,,,,,,,
1983,,,,,,,
1984,,,,,,,
1985,,,,,,,
1986,,,,,,,
1987,,,,,,,
1988,,,,,,,
1989,,,,,,,
1990,,,,,,,
1991,,,,,,,
1992,,,,,,,
1993,,,,,,,
1994,,,,,,,
1995,,,,,,,
1996,,,,,,,
1997,,,,,,,
1998,,,,,,,
1999,,,,,,,
2000,,,,,,,
2001,,,,,,,
2002,,,,,,,
2003,,,,,,,
2004,,,,,,,
2005,,,,,,,
2006,,,,,,,
2007,,,,,,,
2008,,,,,,,
2009,,,,,,,
2010,,,,,,,
2011,,,,,,,
2012,,,,,,,
2013,,,,,,,
2014,,,,,,,
2015,,,,,,,
2016,,,,,,,
2017,,,,,,,
2018,,,,,,,
2019,,,,,,,
2020,,,,,,,
2021,,,,,,,
2022,,,,,,,
2023,,,,,,,
2024,,,,,,,
2025,,,,,,,
2026,,,,,,,
2027,,,,,,,
2028,,,,,,,
2029,,,,,,,
2030,,,,,,,
2031,,,,,,,
2032,,,,,,,
2033,,,,,,,
2034,,,,,,,
2035,,,,,,,
2036,,,,,,,
2037,,,,,,,
2038,,,,,,,
2039,,,,,,,
2040,,,,,,,
2041,,,,,,,
2042,,,,,,,
2043,,,,,,,
2044,,,,,,,
2045,,,,,,,
2046,,,,,,,
2047,,,,,,,
2048,,,,,,,
2049,,,,,,,
2050,,,,,,,
2051,,,,,,,
2052,,,,,,,
2053,,,,,,,
2054,,,,,,,
2055,,,,,,,
2056,,,,,,,
2057,,,,,,,
2058,,,,,,,
2059,,,,,,,
2060,,,,,,,
2061,,,,,,,
2062,,,,,,,
2063,,,,,,,
2064,,,,,,,
2065,,,,,,,
2066,,,,,,,
2067,,,,,,,
2068,,,,,,,
2069,,,,,,,
2070,,,,,,,
2071,,,,,,,
2072,,,,,,,
2073,,,,,,,
2074,,,,,,,
2075,,,,,,,
2076,,,,,,,
2077,,,,,,,
2078,,,,,,,
2079,,,,,,,
2080,,,,,,,
2081,,,,,,,
2082,,,,,,,
2083,,,,,,,
2084,,,,,,,
2085,,,,,,,
2086,,,,,,,
2087,,,,,,,
2088,,,,,,,
2089,,,,,,,
2090,,,,,,,
2091,,,,,,,
2092,,,,,,,
2093,,,,,,,
2094,,,,,,,
2095,,,,,,,
2096,,,,,,,
2097,,,,,,,
2098,,,,,,,
2099,,,,,,,
2100,,,,,,,
2101,,,,,,,
2102,,,,,,,
2103,,,,,,,
2104,,,,,,,
2105,,,,,,,
2106,,,,,,,
2107,,,,,,,
2108,,,,,,,
2109,,,,,,,
2110,,,,,,,
2111,,,,,,,
2112,,,,,,,
2113,,,,,,,
2114,,,,,,,
2115,,,,,,,
2116,,,,,,,
2117,,,,,,,
2118,,,,,,,
2119,,,,,,,
2120,,,,,,,
2121,,,,,,,
2122,,,,,,,
2123,,,,,,,
2124,,,,,,,
2125,,,,,,,
2126,,,,,,,
2127,,,,,,,
2128,,,,,,,
2129,,,,,,,
2130,,,,,,,
2131,,,,,,,
2132,,,,,,,
2133,,,,,,,
2134,,,,,,,
2135,,,,,,,
2136,,,,,,,
2137,,,,,,,
2138,,,,,,,
2139,,,,,,,
2140,,,,,,,
2141,,,,,,,
2142,,,,,,,
2143,,,,,,,
2144,,,,,,,
2145,,,,,,,
2146,,,,,,,
2147,,,,,,,
2148,,,,,,,
2149,,,,,,,
2150,,,,,,,
2151,,,,,,,
2152,,,,,,,
2153,,,,,,,
2154,,,,,,,
2155,,,,,,,
2156,,,,,,,
2157,,,,,,,
2158,,,,,,,
2159,,,,,,,
2160,,,,,,,
2161,,,,,,,
2162,,,,,,,
2163,,,,,,,
2164,,,,,,,
2165,,,,,,,
2166,,,,,,,
2167,,,,,,,
2168,,,,,,,
2169,,,,,,,
2170,,,,,,,
2171,,,,,,,
2172,,,,,,,
2173,,,,,,,
2174,,,,,,,
2175,,,,,,,
2176,,,,,,,
2177,,,,,,,
2178,,,,,,,
2179,,,,,,,
2180,,,,,,,
2181,,,,,,,
2182,,,,,,,
2183,,,,,,,
2184,,,,,,,
2185,,,,,,,
2186,,,,,,,
2187,,,,,,,
2188,,,,,,,
2189,,,,,,,
2190,,,,,,,
2191,,,,,,,
2192,,,,,,,
2193,,,,,,,
2194,,,,,,,
2195,,,,,,,
2196,,,,,,,
2197,,,,,,,
2198,,,,,,,
2199,,,,,,,
2200,,,,,,,
2201,,,,,,,
2202,,,,,,,
2203,,,,,,,
2204,,,,,,,
2205,,,,,,,
2206,,,,,,,
2207,,,,,,,
2208,,,,,,,
2209,,,,,,,
2210,,,,,,,
2211,,,,,,,
2212,,,,,,,
2213,,,,,,,
2214,,,,,,,
2215,,,,,,,
2216,,,,,,,
2217,,,,,,,
2218,,,,,,,
2219,,,,,,,
2220,,,,,,,
2221,,,,,,,
2222,,,,,,,
2223,,,,,,,
2224,,,,,,,
2225,,,,,,,
2226,,,,,,,
2227,,,,,,,
2228,,,,,,,
2229,,,,,,,
2230,,,,,,,
2231,,,,,,,
2232,,,,,,,
2233,,,,,,,
2234,,,,,,,
2235,,,,,,,
2236,,,,,,,
2237,,,,,,,
2238,,,,,,,
2239,,,,,,,
2240,,,,,,,
2241,,,,,,,
2242,,,,,,,
2243,,,,,,,
2244,,,,,,,
2245,,,,,,,
2246,,,,,,,
2247,,,,,,,
2248,,,,,,,
2249,,,,,,,
2250,,,,,,,
2251,,,,,,,
2252,,,,,,,
2253,,,,,,,
2254,,,,,,,
2255,,,,,,,
2256,,,,,,,
2257,,,,,,,
2258,,,,,,,
2259,,,,,,,
2260,,,,,,,
2261,,,,,,,
2262,,,,,,,
2263,,,,,,,
2264,,,,,,,
2265,,,,,,,
2266,,,,,,,
2267,,,,,,,
2268,,,,,,,
2269,,,,,,,
2270,,,,,,,
2271,,,,,,,
2272,,,,,,,
2273,,,,,,,
2274,,,,,,,
2275,,,,,,,
2276,,,,,,,
2277,,,,,,,
2278,,,,,,,
2279,,,,,,,
2280,,,,,,,
2281,,,,,,,
2282,,,,,,,
2283,,,,,,,
2284,,,,,,,
2285,,,,,,,
2286,,,,,,,
2287,,,,,,,
2288,,,,,,,
2289,,,,,,,
2290,,,,,,,
2291,,,,,,,
2292,,,,,,,
2293,,,,,,,
2294,,,,,,,
2295,,,,,,,
2296,,,,,,,
2297,,,,,,,
2298,,,,,,,
2299,,,,,,,
2300,,,,,,,
2301,,,,,,,
2302,,,,,,,
2303,,,,,,,
2304,,,,,,,
2305,,,,,,,
2306,,,,,,,
2307,,,,,,,
2308,,,,,,,
2309,,,,,,,
2310,,,,,,,
2311,,,,,,,
2312,,,,,,,
2313,,,,,,,
2314,,,,,,,
2315,,,,,,,
2316,,,,,,,
2317,,,,,,,
2318,,,,,,,
2319,,,,,,,
2320,,,,,,,
2321,,,,,,,
2322,,,,,,,
2323,,,,,,,
2324,,,,,,,
2325,,,,,,,
2326,,,,,,,
2327,,,,,,,
2328,,,,,,,
2329,,,,,,,
2330,,,,,,,
2331,,,,,,,
2332,,,,,,,
2333,,,,,,,
2334,,,,,,,
2335,,,,,,,
2336,,,,,,,
2337,,,,,,,
2338,,,,,,,
2339,,,,,,,
2340,,,,,,,
2341,,,,,,,
2342,,,,,,,
2343,,,,,,,
2344,,,,,,,
2345,,,,,,,
2346,,,,,,,
2347,,,,,,,
2348,,,,,,,
2349,,,,,,,
2350,,,,,,,
2351,,,,,,,
2352,,,,,,,
2353,,,,,,,
2354,,,,,,,
2355,,,,,,,
2356,,,,,,,
2357,,,,,,,
2358,,,,,,,
2359,,,,,,,
2360,,,,,,,
2361,,,,,,,
2362,,,,,,,
2363,,,,,,,
2364,,,,,,,
2365,,,,,,,
2366,,,,,,,
2367,,,,,,,
2368,,,,,,,
2369,,,,,,,
2370,,,,,,,
2371,,,,,,,
2372,,,,,,,
2373,,,,,,,
2374,,,,,,,
2375,,,,,,,
2376,,,,,,,
2377,,,,,,,
2378,,,,,,,
2379,,,,,,,
2380,,,,,,,
2381,,,,,,,
2382,,,,,,,
2383,,,,,,,
2384,,,,,,,
2385,,,,,,,
2386,,,,,,,
2387,,,,,,,
2388,,,,,,,
2389,,,,,,,
2390,,,,,,,
2391,,,,,,,
2392,,,,,,,
2393,,,,,,,
2394,,,,,,,
2395,,,,,,,
2396,,,,,,,
2397,,,,,,,
2398,,,,,,,
2399,,,,,,,
2400,,,,,,,
2401,,,,,,,
2402,,,,,,,
2403,,,,,,,
2404,,,,,,,
2405,,,,,,,
2406,,,,,,,
2407,,,,,,,
2408,,,,,,,
2409,,,,,,,
2410,,,,,,,
2411,,,,,,,
2412,,,,,,,
2413,,,,,,,
2414,,,,,,,
2415,,,,,,,
2416,,,,,,,
2417,,,,,,,
2418,,,,,,,
2419,,,,,,,
2420,,,,,,,
2421,,,,,,,
2422,,,,,,,
2423,,,,,,,
2424,,,,,,,
2425,,,,,,,
2426,,,,,,,
2427,,,,,,,
2428,,,,,,,
2429,,,,,,,
2430,,,,,,,
2431,,,,,,,
2432,,,,,,,
2433,,,,,,,
2434,,,,,,,
2435,,,,,,,
2436,,,,,,,
2437,,,,,,,
2438,,,,,,,
2439,,,,,,,
2440,,,,,,,
2441,,,,,,,
2020-04-17 03:00:00,,,,,,,
2020-04-18 03:00:00,,,,,-0.0038140575199199223,0.029724169846510495,0.07645732209400746
2020-04-19 03:00:00,,,,,-0.023137487575524807,-0.012042989317707309,0.5727796716246503
2020-04-20 03:00:00,,,,,-0.0011957256287737916,0.04954611932885422,-0.35779408668052115
2020-04-21 03:00:00,,,,,0.01303040456519744,-0.04133903207334233,-0.003492542225186579
2020-04-22 03:00:00,,,,,0.013101253367622023,0.011699571594626201,-0.03163815424955596
2020-04-23 03:00:00,,,,,-0.0017968989709366001,-0.02492954328512975,-0.02050408712568541
2020-04-24 03:00:00,,,,,0.02475414698156153,0.027151882663233984,0.0110255334540168
2020-04-25 03:00:00,,,,,0.0007942447879043524,-0.007155247390424835,-0.03484050761856705
2020-04-26 03:00:00,,,,,-0.004256804074679876,0.0016399028555131867,0.056210611744406336
2020-04-27 03:00:00,,,,,0.02219206198188539,-0.002906485360557487,-0.04921499379090999
2020-04-28 03:00:00,,,,,-0.04298455728711181,0.002693673262936569,0.029832987650236342
2020-04-29 03:00:00,,,,,0.021004064417859958,-0.0070998562573619806,-0.03065724746387588
2020-04-30 03:00:00,,,,,-0.011893639900647845,-0.022511471979464237,0.04836104105233252
2020-05-01 03:00:00,,,,,-0.014015872716993005,0.031609610226503104,0.03899687083885772
2020-05-02 03:00:00,,,,,0.020365476395349136,-0.002412578023925027,-0.08294624676522622
2020-05-03 03:00:00,,,,,0.00980660580606596,-0.01605973902022273,0.0462292184483597
2020-05-04 03:00:00,,,,,0.025153055585640294,0.02667914366157742,-0.05384074308146758
2020-05-05 03:00:00,,,,,-0.018841945637531166,-9.618951946033238e-05,0.044185016501077534
2020-05-06 03:00:00,,,,,0.048403971562185344,-0.010478442957107204,-0.016164892958959287
2020-05-07 03:00:00,,,,,-0.0684403248519827,0.029147186239599776,-0.018704590756253747
2020-05-08 03:00:00,,,,,0.020971599076080594,-0.030378780330107102,0.012500537601512818
2020-05-09 03:00:00,,,,,-0.0009682185763116857,0.013210040327526817,-0.008736186715412542
2020-05-10 03:00:00,,,,,-0.005205327869043042,-0.014125564606685903,-0.01147578207098976
2020-05-11 03:00:00,,,,,0.014208419907828285,0.02553060275390462,0.024764706929429003
2020-05-12 03:00:00,,,,,-0.014988289500546426,0.00406211099436149,-0.02123217220800777
2020-05-13 03:00:00,,,,,0.057922255757742125,-0.00839472043064482,0.007041236164504472
2020-05-14 03:00:00,,,,,0.008554000185839294,0.002982308973577208,0.00601965961362505
2020-05-15 03:00:00,,,,,-0.01815474441618581,-0.009377254244841482,-0.00030015035601127504
2020-05-16 03:00:00,,,,,0.006751901773987656,0.0031055896940395122,0.05091378960291815
2020-05-17 03:00:00,,,,,-0.01103064063352066,0.028184590174871627,-0.04775262250835732
2020-05-18 03:00:00,,,,,0.005524257788035669,-0.020277537123055245,-0.034351947272589944
2020-05-19 03:00:00,,,,,0.013372004444756502,0.009144603226093118,0.030204988924974696
2020-05-20 03:00:00,,,,,0.00680944540327344,-0.02461058097795521,-0.02081010058903421
2020-05-21 03:00:00,,,,,0.01704765800520769,0.03807995547305221,0.00453896980671975
2020-05-22 03:00:00,,,,,0.017910280173635718,-0.005465835084868531,0.011076518961396165
2020-05-23 03:00:00,,,,,-0.0049029619893535825,0.01324658206015017,0.003428498843426331
2020-05-24 03:00:00,,,,,-0.0030819811814501996,-0.044657247572169156,0.0032403183554396975
2020-05-25 03:00:00,,,,,0.009611914647646325,0.028393065440342147,0.026422892106227724
2020-05-26 03:00:00,,,,,-0.007328205676163435,-0.019507647744133605,-0.024828746357064224
2020-05-27 03:00:00,,,,,0.014523687127296236,-0.05876670223125435,0.02537960294959163
2020-05-28 03:00:00,,,,,-0.005941557298197564,0.058848044677437095,-0.005100234460691966
2020-05-29 03:00:00,,,,,-0.037829700777541664,0.01647370849638885,-0.03851800589664456
2020-05-30 03:00:00,,,,,-0.009776167253016332,-0.006297394755517383,-0.009654302303803375
2020-05-31 03:00:00,,,,,0.04168043482197037,0.01660616274418847,0.042224714131137375
2020-06-01 03:00:00,,,,,-0.02562365770108921,-0.018948954196563172,-0.041357094536705
2020-06-02 03:00:00,,,,,-0.004109285944734364,0.005472191148923944,0.021566753154505403
2020-06-03 03:00:00,,,,,0.0220664012902152,0.000823789994927715,0.07136747677355526
2020-06-04 03:00:00,,,,,-0.011604587931295596,0.03758949966797398,-0.07856577233078132
2020-06-05 03:00:00,,,,,-0.0136318388490001,-0.04252586170571304,0.016208551524678816
2020-06-06 03:00:00,,,,,-7.032884740931777e-05,-0.008769149022493816,0.0013856282099435902
2020-06-07 03:00:00,,,,,0.013677034751802486,0.015518967112763571,-0.008739959144575482
2020-06-08 03:00:00,,,,,-0.018077885790477644,-0.014284835424068887,-0.007081281399000772
2020-06-09 03:00:00,,,,,0.02131741483550087,0.028561179223339117,-0.0025173081402375397
2020-06-10 03:00:00,,,,,-0.00428171361648344,0.001030473860339276,-0.015429608746552526
2020-06-11 03:00:00,,,,,0.006931839495248671,0.0013944095833551273,0.011317159149707656
2020-06-12 03:00:00,,,,,0.0036497458736426402,-0.0062502603118861355,-0.010348965944806943
2020-06-13 03:00:00,,,,,0.019726466901368145,-0.01620971527999493,0.0353875275768174
2020-06-14 03:00:00,,,,,-0.0033230562634573024,0.003278912805484424,-0.013910053802958955
2020-06-15 03:00:00,,,,,0.02320979784653132,0.051017241306147376,0.022820953284170997
2020-06-16 03:00:00,,,,,-0.0017717781051914683,-0.0336539542853902,-0.01967137491718196
2020-06-17 03:00:00,,,,,-0.019621528185149728,0.0019614717098470624,0.050195302169490086
2020-06-18 03:00:00,,,,,-0.014576517315551096,-0.006873433977280463,-0.0731724944186053
2020-06-19 03:00:00,,,,,0.008659280713283035,-0.005924515148851173,0.04267094970977414
2020-06-20 03:00:00,,,,,0.021005319660159172,0.012612712966037387,-0.019842142700142507
2020-06-21 03:00:00,,,,,-0.007289368892985482,0.00171014469093822,-0.012445518112370046
2020-06-22 03:00:00,,,,,0.00036216818053014244,-0.0006858556934830062,0.025135284714230544
2020-06-23 03:00:00,,,,,0.01613271160254226,0.007556681038891178,-0.009714861854839718
2020-06-24 03:00:00,,,,,-0.03410213933584472,-0.006293723856270361,-0.02069049611864371
2020-06-25 03:00:00,,,,,0.008269876395841758,-0.02013840877392803,0.021468827877924923
2020-06-26 03:00:00,,,,,-0.004041093917722893,0.03168810275934453,-0.0303312008263823
2020-06-27 03:00:00,,,,,0.01761022537682555,-0.030141147993811512,0.004710961755387988
2020-06-28 03:00:00,,,,,0.005243144584132553,0.023474740202943378,0.057538632576769944
2020-06-29 03:00:00,,,,,0.011046751515150666,0.0020875730869156506,-0.047340611680506184
2020-06-30 03:00:00,,,,,-0.01765900726302294,-0.0027638033893739866,0.02081786321648349
2020-07-01 03:00:00,,,,,0.006493422121361059,0.00695377170521172,0.012302757016623422
2020-07-02 03:00:00,,,,,-0.0004410554744096462,0.00408940708554173,0.0031741273170384776
2020-07-03 03:00:00,,,,,0.02246500667847684,-0.009228636404916113,-0.02697857308274909
2020-07-04 03:00:00,,,,,-0.00554486241785801,-0.015618090573607524,0.009486701513664375
2020-07-05 03:00:00,,,,,0.007032243260383542,-0.0020601501518817678,-0.02732661877037812
2020-07-06 03:00:00,,,,,0.013726465046335123,0.02013002293829147,0.048635809760677384
2020-07-07 03:00:00,,,,,-0.009650035814590896,-0.006216614552007282,-0.03975457935046589
2020-07-08 03:00:00,,,,,-0.002722655902047122,-0.007273899170968878,-0.015212651343624706
2020-07-09 03:00:00,,,,,-0.005581989317042346,-0.005477709132140407,0.004621934404498429
2020-07-10 03:00:00,,,,,0.0025634045532452188,0.011188899749424497,0.00999306063784866
2020-07-11 03:00:00,,,,,0.00951668455386856,0.0032787150793007758,-0.0008478849817200595
2020-07-12 03:00:00,,,,,-0.0020894827416529926,-0.009866852640117219,-0.010805535050356418
2020-07-13 03:00:00,,,,,0.00711355762083965,0.018124654136540297,0.02457564275241597
2020-07-14 03:00:00,,,,,-0.00767046148055639,-0.02761321141338524,-0.01047772871622199
2020-07-15 03:00:00,,,,,0.022614855067657924,0.022994085917033003,-0.012384160047958503
2020-07-16 03:00:00,,,,,-0.007352290844505616,-0.015139263440864137,0.00026653224800821107
2020-07-17 03:00:00,,,,,0.020635413189536767,-0.012352376194074366,0.0016234414324434177
2020-07-18 03:00:00,,,,,0.0012101678136906546,-0.012357894901282251,0.02783819179914193
2020-07-19 03:00:00,,,,,0.0008977796558142792,0.021239908455325418,-0.0272660459886227
2020-07-20 03:00:00,,,,,-0.006527929735668847,0.002718451735535199,0.02135711360960757
2020-07-21 03:00:00,,,,,0.017581869907558056,-0.010030023405853017,-0.002848401002419565
2020-07-22 03:00:00,,,,,0.025967892324139763,0.019098109207376757,0.02266506919379707
2020-07-23 03:00:00,,,,,0.026886053881006067,0.020734265797355933,-0.010065084608337549
2020-07-24 03:00:00,,,,,-0.015330353272880681,-0.043582965358564985,0.008100961769123893
2020-07-25 03:00:00,,,,,-0.04687715564352235,0.03677444006719477,-0.0042831551218402986
2020-07-26 03:00:00,,,,,-0.012232228470209217,-0.018543663303700164,-0.003232499892789953
2020-07-27 03:00:00,,,,,0.019719967389037363,0.009529549942234539,0.018869676534959634
2020-07-28 03:00:00,,,,,-0.031087935041754222,-0.003938350340022989,-0.03938582306764837
2020-07-29 03:00:00,,,,,0.014544986750750777,0.01637695766952918,-0.003713696748840145
2020-07-30 03:00:00,,,,,-0.012232946795509902,-0.009257227746766072,0.011857027771418505
2020-07-31 03:00:00,,,,,0.001544102280882198,-0.011470382583943284,0.002578408657879505
2020-08-01 03:00:00,,,,,-0.012110197075109186,0.01213648893655872,0.014056529575551702
2020-08-02 03:00:00,,,,,0.01481524778377663,-0.004985698746549305,-0.02937632540252666
2020-08-03 03:00:00,,,,,-0.03107538967057477,0.00410440510605925,0.05639737700522729
2020-08-04 03:00:00,,,,,0.010715530919245708,-0.004469406696321787,-0.018905524460405054
2020-08-05 03:00:00,,,,,0.014237430125114914,-0.0034501213041313594,-0.0034495686646808243
2020-08-06 03:00:00,,,,,-0.020380533559633318,0.030587093080279404,-0.011116103798951005
2020-08-07 03:00:00,,,,,0.0213566724099834,-0.031075265228758253,-0.02443306590521699
2020-08-08 03:00:00,,,,,-0.020143573640498014,-0.008842976125632784,0.014118640329251475
2020-08-09 03:00:00,,,,,0.0005203719199646795,0.0037798116161982254,0.03563321457852986
2020-08-10 03:00:00,,,,,0.01719225242803235,0.014673530161532167,-0.015650375380025006
2020-08-11 03:00:00,,,,,-0.0030026907165263683,-0.012145425317212744,0.03773010596202653
2020-08-12 03:00:00,,,,,0.004509479552577078,0.005003673058320279,-0.033337558225308594
2020-08-13 03:00:00,,,,,0.0068600395686257976,-0.0009956207333826628,-0.003802399906892684
2020-08-14 03:00:00,,,,,0.016662128367232132,0.01856329892678521,0.009833526497034173
2020-08-15 03:00:00,,,,,-0.016997995245868647,-0.010939017209774748,-0.033805670950215916
2020-08-16 03:00:00,,,,,-6.675622804441783e-05,0.004709110642280745,-0.005217935071031854
2020-08-17 03:00:00,,,,,0.011016926176947939,-0.016157677287766625,0.008397884730088734
2020-08-18 03:00:00,,,,,0.031649028361418585,-0.01949979092184584,0.0275645704164611
2020-08-19 03:00:00,,,,,-0.013679534632812906,0.026688818755416843,-0.03326058175658497
2020-08-20 03:00:00,,,,,0.005835955302009532,0.013724086586828,0.00011355089537312679
2020-08-21 03:00:00,,,,,-0.005213507935755812,0.006269327971297756,0.03223634169297673
2020-08-22 03:00:00,,,,,-0.009049486789604377,-0.02832288739852007,-0.02418309727147072
2020-08-23 03:00:00,,,,,0.024726112082011698,0.009435613750187866,0.004125364734391512
2020-08-24 03:00:00,,,,,-0.02914984632951456,0.01917880872664779,0.0047988597165662394
2020-08-25 03:00:00,,,,,-0.009124261880225415,-0.021207363817590363,0.011461978035161025
2020-08-26 03:00:00,,,,,0.014989694354559324,0.0006334992221164182,-0.02698329022010948
2020-08-27 03:00:00,,,,,-0.007429649607267663,0.0051608560839071504,0.02577397283878935
2020-08-28 03:00:00,,,,,0.01252071346996031,0.0001654226869478581,-0.001768715637559315
2020-08-29 03:00:00,,,,,-0.040911668233164944,-0.015815721148610073,-0.014906628301011193
2020-08-30 03:00:00,,,,,0.0409380746960919,0.01144705260410439,-0.00532796464498686
2020-08-31 03:00:00,,,,,-0.021840798029631014,0.0030580140863853966,0.039132136432200815
2020-09-01 03:00:00,,,,,-0.01919336565501517,0.012017732730867925,-0.03655996265251771
2020-09-02 03:00:00,,,,,-0.002736646051351932,0.014893248540997384,0.0496410928521529
2020-09-03 03:00:00,,,,,0.03787695378612499,-0.023236030580295552,-0.037188903602042855
2020-09-04 03:00:00,,,,,0.02017691558794721,0.021270645058135917,0.01456645577453175
2020-09-05 03:00:00,,,,,-0.01148245177696372,-0.008219243297342249,-0.0036761909880812516
2020-09-06 03:00:00,,,,,0.004975148911845251,-0.005515484065428455,0.006905824187745102
2020-09-07 03:00:00,,,,,0.054652004172744295,-0.0015664455002634137,0.007171408119680978
2020-09-08 03:00:00,,,,,-0.0368374776726047,0.011845608391142681,-0.028612486955486127
2020-09-09 03:00:00,,,,,-0.00472280568140826,-0.04222325015040451,0.02037734638008648
2020-09-10 03:00:00,,,,,0.011699208903448222,0.04136078829589218,0.0015986345645013778
2020-09-11 03:00:00,,,,,0.002052261427415658,-0.019165293715493803,-0.024658494394639296
2020-09-12 03:00:00,,,,,0.005547460901378365,0.007274294789457514,-0.003367808305243747
2020-09-13 03:00:00,,,,,-0.0014467468754382207,-0.0004961758990079668,0.0006945120266137472
2020-09-14 03:00:00,,,,,0.0021077548298316096,0.010196457300900352,9.562319893685611e-07
2020-09-15 03:00:00,,,,,-0.007397577775284714,-0.0028688856959099285,-0.0037209979784244007
2020-09-16 03:00:00,,,,,-0.016025845599867306,0.015074471105957832,-0.008427437508420343
2020-09-17 03:00:00,,,,,0.01578511706771879,-0.01894752216575224,-0.0017023754201380692
2020-09-18 03:00:00,,,,,0.018513075511775945,0.003845112784136795,0.029199139784591877
2020-09-19 03:00:00,,,,,-0.01655850979475415,-0.010418788830670489,-0.007026133415084179
2020-09-20 03:00:00,,,,,0.003896433223768536,-0.01393815339304083,-0.025429893601861764
2020-09-21 03:00:00,,,,,0.006050736286163039,0.020263972680180098,0.03467915208592198
2020-09-22 03:00:00,,,,,0.0032453395650959838,0.01586748935631488,0.009452564467831825
2020-09-23 03:00:00,,,,,0.004174582165186402,-0.0017910680187093186,-0.01226934389311074
2020-09-24 03:00:00,,,,,-0.0012222810562124709,0.010670792102488225,-0.015648500002212407
2020-09-25 03:00:00,,,,,0.008159636817877125,-0.021321910773806074,-0.006872784451758873
2020-09-26 03:00:00,,,,,-0.005120367182677721,0.018644715608512108,0.018387638186513122
2020-09-27 03:00:00,,,,,0.010051517328372173,-0.018817921897236745,-0.02003854397664062
2020-09-28 03:00:00,,,,,0.004591575522339575,0.02871234300280756,0.0196504278874976
2020-09-29 03:00:00,,,,,-0.012841472941751864,-0.02975555108729533,0.020932226890711503
2020-09-30 03:00:00,,,,,-0.0008512452594270359,-0.005054356339295296,-0.0334581427734848
2020-10-01 03:00:00,,,,,0.00972821333574636,-0.0066594638075903045,0.021536301600932894
2020-10-02 03:00:00,,,,,-0.0003778712854480837,0.01829699054435907,-0.0069291345330732
2020-10-03 03:00:00,,,,,-0.00566081106030869,-0.014309504240150761,-0.02007767561283369
2020-10-04 03:00:00,,,,,-0.00037350159529236926,0.007090908742378277,-0.002390248407150075
2020-10-05 03:00:00,,,,,0.007598209271535872,-0.00830352782100685,0.0033398507282067502
2020-10-06 03:00:00,,,,,0.07786252004600569,0.011759921195792389,0.017115201718346462
2020-10-07 03:00:00,,,,,-0.080545786951992,0.0016202888503797919,-0.01263597708405817
2020-10-08 03:00:00,,,,,0.001552174705208298,-0.025988090495516092,0.013122073928234723
2020-10-09 03:00:00,,,,,-0.00031420075896593236,0.0009852089643358486,-0.027717782609994135
2020-10-10 03:00:00,,,,,0.0076522539831715974,0.008412913085497076,0.023733229343662288
2020-10-11 03:00:00,,,,,0.008818579751688649,0.004243341733358719,-0.003839955426611086
2020-10-12 03:00:00,,,,,-0.009734498824078508,-0.003100549067098557,0.014564874732037492
2020-10-13 03:00:00,,,,,0.013021473817716123,0.008676126828564446,-0.0033607138488089827
2020-10-14 03:00:00,,,,,0.03448880680624988,0.01665493807272611,0.0457178080843077
2020-10-15 03:00:00,,,,,-0.03338254047122835,0.0023377195617833024,-0.0340644740993441
2020-10-16 03:00:00,,,,,0.023254874157202288,0.002881499069386173,-0.006540098799102112
2020-10-17 03:00:00,,,,,-0.004824251730910278,-0.018300185232586474,-0.026240873359770323
2020-10-18 03:00:00,,,,,0.00946638853394477,0.004404714218380734,0.025328844897011482
2020-10-19 03:00:00,,,,,-0.014393589757115244,-0.015920653899391568,-0.020559918542167765
2020-10-20 03:00:00,,,,,0.004648416914157627,0.01033800739614077,0.04459889343411705
2020-10-21 03:00:00,,,,,-0.00029255863312582786,-0.0034821458275705597,-0.03892781093432762
2020-10-22 03:00:00,,,,,-0.002044044495988828,0.02702134311882487,0.00273891702995388
2020-10-23 03:00:00,,,,,-0.008390123127575144,-0.015948679770128815,0.016948533161842638
2020-10-24 03:00:00,,,,,0.004048862790836827,-0.0017156930077949495,-0.013732014150964589
2020-10-25 02:00:00,,,,,0.02167875189753299,0.006875946485505047,-0.014994896653745537
2020-10-26 02:00:00,,,,,-0.010224882108805788,0.03897936674345237,-0.000368773291366975
2020-10-27 02:00:00,,,,,-0.0011793948137579502,-0.029529319626361406,0.01957151257285239
2020-10-28 02:00:00,,,,,0.02682215778506225,-0.009675411229111752,-0.0050360222938539145
2020-10-29 02:00:00,,,,,-0.021357426114838374,-0.011233858291196497,-0.01414565334753104
2020-10-30 02:00:00,,,,,0.006282118947231963,0.009070105013836205,0.030026579443720003
2020-10-31 02:00:00,,,,,-0.006905809598989232,0.011281483819338911,0.015657047746058472
2020-11-01 02:00:00,,,,,-0.00428873291354559,-0.019875665144224897,-0.005139528303796492
2020-11-02 02:00:00,,,,,0.007686862090951818,-0.0014414300250693568,0.036992676768279775
2020-11-03 02:00:00,,,,,0.014955633728431783,0.009648691504138274,-0.06417500997575087
2020-11-04 02:00:00,,,,,-0.01866112522984409,0.005777959064960925,0.009441123254740225
2020-11-05 02:00:00,,,,,0.016288399965507017,-0.02558565747366215,0.001865885527302158
2020-11-06 02:00:00,,,,,-0.0053906482709276116,0.0028456362857129935,-0.01582894386337208
2020-11-07 02:00:00,,,,,0.006779519769539277,0.009605281585635117,0.004633659344968288
2020-11-08 02:00:00,,,,,-0.0029318372607572973,-0.0075071753848189315,-0.000949076602616894
2020-11-09 02:00:00,,,,,0.016636335503640964,0.0069355702243669715,-0.00045848136063564304
2020-11-10 02:00:00,,,,,-0.004489125711753306,-0.011561141211871795,-0.00047384258843008453
2020-11-11 02:00:00,,,,,-0.0001829104297995654,0.019702519065111224,0.012409493548239059
2020-11-12 02:00:00,,,,,-0.0012542466013595321,0.015789263270717502,0.011067352588934654
2020-11-13 02:00:00,,,,,0.0020643136783213833,-0.00918943968226238,-0.005931003455028838
2020-11-14 02:00:00,,,,,-0.0020131298010078735,-0.008131032236779578,0.010378761751704824
2020-11-15 02:00:00,,,,,-0.00774832471231679,-0.01780036573671384,-0.0009037491029928457
2020-11-16 02:00:00,,,,,-0.007331594141712028,0.0025590117124045797,-0.007008974044182215
2020-11-17 02:00:00,,,,,0.030907113007138554,0.028028896652353197,0.011016061343063654
2020-11-18 02:00:00,,,,,0.0021346687789847163,-0.046230420909352365,-0.01464937594230653
2020-11-19 02:00:00,,,,,0.00026421974945001203,0.024298598380399383,-0.0022406624097388583
2020-11-20 02:00:00,,,,,-0.029211429728474236,-0.006728946295770699,0.03161580318227464
2020-11-21 02:00:00,,,,,0.04216145713391106,0.04010019892064376,0.033424707200716774
2020-11-22 02:00:00,,,,,-0.03739098436082677,-0.02543192081890766,-0.05584301230113886
2020-11-23 02:00:00,,,,,-0.008130152426669701,0.008346493908839792,0.0006958960685314874
2020-11-24 02:00:00,,,,,0.022194963745465923,-0.02876248984893004,0.03940423450276431
2020-11-25 02:00:00,,,,,0.016688677208490876,0.03457983411801746,-0.04511480553445657
2020-11-26 02:00:00,,,,,-0.03387955370856455,-0.050073941330523675,0.008696365293216601
2020-11-27 02:00:00,,,,,0.0030630441854462287,0.05408183524571042,-0.014202402365044664
2020-11-28 02:00:00,,,,,-0.00042649606652489513,-0.012289258575665651,0.0002667911055527217
2020-11-29 02:00:00,,,,,0.01580732954967723,0.009999768247867413,-0.0019770290003428004
2020-11-30 02:00:00,,,,,-0.002028893333731796,-0.031712970076046676,-0.009755727323326413
2020-12-01 02:00:00,,,,,0.014676577136578883,-0.007671046877383403,0.019375227925143346
2020-12-02 02:00:00,,,,,-0.010285904303250049,0.002390515134715665,-0.010753408233687645
2020-12-03 02:00:00,,,,,0.010812854398714933,-0.004209757523183644,-0.0028201335965506447
2020-12-04 02:00:00,,,,,-0.006961222097645714,0.027463382379189882,0.17947632591239526
2020-12-05 02:00:00,,,,,-0.011694731503535394,0.006339350226699292,-0.11291737088094667
2020-12-06 02:00:00,,,,,0.008357797619640062,-0.011087215813268325,-0.04455222879048337
2020-12-07 02:00:00,,,,,-0.0029081441785755446,0.0564084447722053,0.06721013499265349
2020-12-08 02:00:00,,,,,-0.0024849831177629067,-0.07156999474202275,-0.047935005380532636
2020-12-09 02:00:00,,,,,0.008140505146964294,0.007056600960006376,0.02522569782196382
2020-12-10 02:00:00,,,,,0.012470622427192435,0.007112575890577677,-0.043768878398333655
2020-12-11 02:00:00,,,,,-0.01015340571232115,-0.015220038532944069,0.018760084794092746
2020-12-12 02:00:00,,,,,-0.007673940371852317,0.0210781133361837,-0.00396098467999717
2020-12-13 02:00:00,,,,,0.0018595942989838576,0.0265952236321636,0.023878782387340758
2020-12-14 02:00:00,,,,,0.010706896772690433,-0.020703103813821566,0.014727890593641657
2020-12-15 02:00:00,,,,,0.021126019605990143,0.006772548048035842,-0.002109472638342713
2020-12-16 02:00:00,,,,,-0.0057530178625186945,-0.01970069781570949,-0.02499388705045713
2020-12-17 02:00:00,,,,,-0.0001272837913395275,-0.0054455609968259155,-0.0033213588945912864
2020-12-18 02:00:00,,,,,0.005565740537248898,-0.008069304263584653,-0.016823280466781387
2020-12-19 02:00:00,,,,,0.015233495041853118,-0.006904311377236905,-0.01281047138301572
2020-12-20 02:00:00,,,,,-0.006735204493654057,0.025592595774750482,0.024353372256324723
2020-12-21 02:00:00,,,,,0.00634181655943955,-0.02836015584859175,-0.02694642416287607
2020-12-22 02:00:00,,,,,0.0008567491142665862,0.024678953071618936,0.06904112936540563
2020-12-23 02:00:00,,,,,0.006282037978414978,0.012072198013607816,-0.06106166690461812
2020-12-24 02:00:00,,,,,0.0011454806940656148,0.014074861080824341,0.0060347769962629805
2020-12-25 02:00:00,,,,,-0.0003771352725172594,-0.021001374051929145,-0.006994227381601381
2020-12-26 02:00:00,,,,,0.00040455012975249005,-0.008544324666809211,0.04362838200351726
2020-12-27 02:00:00,,,,,0.010074460962832488,-0.0037901123858946617,-0.022887694913354295
2020-12-28 02:00:00,,,,,-0.0043977334633784615,0.028609176499363675,-0.010891723174684897
2020-12-29 02:00:00,,,,,0.008474864192365539,-0.0036045534803919033,-0.0002487922377213403
2020-12-30 02:00:00,,,,,-0.014437386011886155,-0.010024166487000441,0.0051110079779923545
2020-12-31 02:00:00,,,,,0.0023122784471287794,-0.017071268646253857,0.005572295555634987
2021-01-01 02:00:00,,,,,0.0010416858488078162,0.021364719468201843,0.0098432656090639
2021-01-02 02:00:00,,,,,0.015083222938999441,-0.017065888717621824,-0.0044248271444100595
2021-01-03 02:00:00,,,,,-0.01765451334398327,0.010756734435940052,-0.011558133246273972
2021-01-04 02:00:00,,,,,0.004066668564988607,-0.01736036070405178,0.004926353583324605
2021-01-05 02:00:00,,,,,0.0043149558155219925,0.02089511040486558,0.00408699592271744
2021-01-06 02:00:00,,,,,-0.007907254067633596,-0.023981133437555147,-0.0020580563496360726
2021-01-07 02:00:00,,,,,0.020100306299975834,0.013992011044816177,0.0011753603098532128
2021-01-08 02:00:00,,,,,-0.0008820590886738922,-0.010628943714450445,-0.003447490930156505
2021-01-09 02:00:00,,,,,-0.0019320376728209077,-0.004284646858435437,0.034411702558002855
2021-01-10 02:00:00,,,,,-0.013201563453622556,0.023013908413843653,-0.02165460240052941
2021-01-11 02:00:00,,,,,-0.0023104699684656227,-0.007280652052195191,0.0035116439708227087
2021-01-12 02:00:00,,,,,-0.006928588954573267,-0.00531915989615428,0.028793943789053422
2021-01-13 02:00:00,,,,,0.012445487681091327,0.0003426999339999348,-0.04989124303390979
2021-01-14 02:00:00,,,,,-0.005952325301727512,-0.002169829930903422,-0.0023477660393161903
2021-01-15 02:00:00,,,,,-7.555927638858151e-05,0.007121297975648089,0.06214523948320516
2021-01-16 02:00:00,,,,,-0.0031055415023840682,0.01972860076284233,-0.004705231433116741
2021-01-17 02:00:00,,,,,0.00960862765952597,-0.024807259473639487,-0.01955850923607194
2021-01-18 02:00:00,,,,,-0.004210082967613049,0.0017565637382470634,-0.02981970613376428
2021-01-19 02:00:00,,,,,0.008274934127174172,-0.0049830380241498995,0.005169845683833163
2021-01-20 02:00:00,,,,,-0.001658094447563152,0.013673102042828233,-0.005693309375671474
2021-01-21 02:00:00,,,,,-0.003961690185723343,0.0641444500987316,0.0016962655353871536
2021-01-22 02:00:00,,,,,-0.000723576811378579,-0.06296221085726905,-0.0035938214777962996
2021-01-23 02:00:00,,,,,0.0003916407903938879,0.0015971061327406666,-0.0030535549447012755
2021-01-24 02:00:00,,,,,0.010647697744236462,-0.013960485803690248,0.07810619893857385
2021-01-25 02:00:00,,,,,-0.007076218198031281,0.01501901770191627,-0.07111905999400858
2021-01-26 02:00:00,,,,,0.003710523841279567,0.003587230031818933,0.01943912654580182
2021-01-27 02:00:00,,,,,0.010972820299331998,-0.0076279409564875555,-0.024771505446720576
2021-01-28 02:00:00,,,,,-0.011707924027266614,-0.0049272105797004695,-0.002981184740443288
2021-01-29 02:00:00,,,,,0.007223074675647867,0.020372083902927995,0.005365998809098604
2021-01-30 02:00:00,,,,,-0.006423881688720878,-0.0001734618133747423,0.00318250940934095
2021-01-31 02:00:00,,,,,0.009597200606378031,-0.010101354014807384,0.0254399970125625
2021-02-01 02:00:00,,,,,-0.004692989169200801,0.01481357053532606,-0.03707151012221199
2021-02-02 02:00:00,,,,,0.005476822788313962,-0.02211144132721332,0.009228423238140548
2021-02-03 02:00:00,,,,,-0.003548981515461125,0.039523354586207926,-0.011013130656740922
2021-02-04 02:00:00,,,,,0.007288738185186938,-0.0180274736044026,0.040249894523296526
2021-02-05 02:00:00,,,,,-0.008644489247192078,0.006013749919663969,0.060276564796996945
2021-02-06 02:00:00,,,,,-0.017880104973963418,0.007235991527687391,-0.042968295254978806
2021-02-07 02:00:00,,,,,0.02590578473131888,0.019209354504304388,-0.017669210009563008
2021-02-08 02:00:00,,,,,0.0016249532959926594,-0.046852677780458984,-0.01727067061853016
2021-02-09 02:00:00,,,,,-0.010725068731657128,0.017678281363258996,0.002051198348998362
2021-02-10 02:00:00,,,,,0.003210660664338949,-0.009754522851926684,-0.012094750457102288
2021-02-11 02:00:00,,,,,0.005304418145668288,-0.014467817805619898,0.011257116186866423
2021-02-12 02:00:00,,,,,0.003792997256322428,0.024372631390981114,-0.01577982362457775
2021-02-13 02:00:00,,,,,0.0006723398717101148,-0.007974301823456487,0.008586783878974158
2021-02-14 02:00:00,,,,,-0.0012701005558742873,0.02811562443822857,0.033341453345681726
2021-02-15 02:00:00,,,,,0.007381667437264872,-0.025107242817796194,0.04897522713126645
2021-02-16 02:00:00,,,,,0.01574552047151978,-0.015074242141708272,-0.07399482764662513
2021-02-17 02:00:00,,,,,0.00048382464180285467,0.008266551161333568,0.07492030424143548
2021-02-18 02:00:00,,,,,-0.0001705031650225397,0.02676758163015669,-0.014899985500955837
2021-02-19 02:00:00,,,,,-0.007381188276595396,0.0059058497426618395,-0.03685667532794035
2021-02-20 02:00:00,,,,,0.016666474703840306,-0.004260449438980296,-0.03538435063366685
2021-02-21 02:00:00,,,,,-0.006399290827735271,-0.010290047088340692,0.017490556589363715
2021-02-22 02:00:00,,,,,-0.0018421025124071289,0.0004381297073106083,0.0021319028113915284
2021-02-23 02:00:00,,,,,0.0030544736455062615,0.008535550063976771,0.05276352079686486
2021-02-24 02:00:00,,,,,-0.004160361348153674,-0.0036130982545569124,-0.056159255649536055
2021-02-25 02:00:00,,,,,0.0029814319144698676,-0.014607522733636635,0.01926681660378904
2021-02-26 02:00:00,,,,,-0.0021624589495571334,0.03851814880293225,0.08649167054226137
2021-02-27 02:00:00,,,,,0.006619350654198941,-0.008143893113407352,-0.06972768373863636
2021-02-28 02:00:00,,,,,-0.005625113279325911,0.012232165920605498,-0.025890331407355638
2021-03-01 02:00:00,,,,,-0.003411999109029562,-0.06362673168101096,0.0031981658379971467
2021-03-02 02:00:00,,,,,0.015343323712890378,0.023565610073952747,-0.022289493881829547
2021-03-03 02:00:00,,,,,-0.0033105893881680837,-0.007193488370245804,0.011390301630615163
2021-03-04 02:00:00,,,,,0.00432478240494949,0.012427906826609991,0.011888523058955602
2021-03-05 02:00:00,,,,,-0.003567507730785846,-0.007013576299228941,-0.02868217580008836
2021-03-06 02:00:00,,,,,-0.0005578591179246084,0.03171189188192591,0.018541748248822154
2021-03-07 02:00:00,,,,,-0.005377622573664587,-0.0161429734260935,-0.005561166762236169
2021-03-08 02:00:00,,,,,0.006640333885736149,-0.01382905307593374,0.06092165336748634
2021-03-09 02:00:00,,,,,0.01266528761080421,0.021998798383082274,-0.049105174182605404
2021-03-10 02:00:00,,,,,-0.0150617736096742,-0.028379889181336715,0.014572122208499794
2021-03-11 02:00:00,,,,,0.004298662611296855,0.02569224796108016,-0.02318873765940599
2021-03-12 02:00:00,,,,,-0.00212888961040103,-0.027012653451571,0.03005141818539836
2021-03-13 02:00:00,,,,,0.0015024270355978864,0.009225196942030944,-0.0176407429060208
2021-03-14 02:00:00,,,,,0.0012527131416939508,0.0027990204671350938,0.0023550981380142666
2021-03-15 02:00:00,,,,,0.0012586945050441223,-0.0007954029536643148,0.008103887167068446
2021-03-16 02:00:00,,,,,0.008807684993479281,0.014624148052901242,0.0003488161695957004
2021-03-17 02:00:00,,,,,-0.005231043690276493,-0.0035173888156355693,-0.0031438600560573793
2021-03-18 02:00:00,,,,,0.013575912450545236,0.0017669707505729715,0.0026870691712974626
2021-03-19 02:00:00,,,,,-0.007678999718507051,0.007554521716938378,0.00036228500809487585
2021-03-20 02:00:00,,,,,-0.0023975342799580357,-0.02900433801569169,0.03140342958762976
2021-03-21 02:00:00,,,,,-0.004880332052584091,0.028005448729300664,-0.00802713742061778
2021-03-22 02:00:00,,,,,0.005483466523814373,-0.01313565785205506,-0.006116503648251337
2021-03-23 02:00:00,,,,,0.014328944571410984,0.008089786302742707,0.0007578423659486688
2021-03-24 02:00:00,,,,,-0.01201814783819466,-8.928435727673101e-05,-0.021994922760451452
2021-03-25 02:00:00,,,,,0.00419624929372131,-0.004490112043760819,-0.010569313198763863
2021-03-26 03:00:00,,,,,-0.0018559797234406483,0.006001760008580437,-9.788834637403099e-05
2021-03-27 03:00:00,,,,,0.009185045814700699,-0.030245692054471363,-0.02068219151936479
2021-03-28 03:00:00,,,,,0.002378631079823057,0.011096672098411364,0.016476282984630775
2021-03-29 03:00:00,,,,,-0.004999191350588794,0.01775814325396352,0.010019707146983192
2021-03-30 03:00:00,,,,,0.0014422313340538562,0.004300717594047487,0.054996395638278184
2021-03-31 03:00:00,,,,,0.005911873980111171,-0.004458744101915824,-0.06128084050037019
2021-04-01 03:00:00,,,,,-0.0013974928045866752,-0.01534379047654999,-0.005991245620707963
2021-04-02 03:00:00,,,,,-0.0031283670629681515,0.01700633726395262,0.019403970866613607
2021-04-03 03:00:00,,,,,0.0010137043242555155,0.00214203298668747,-0.008416085376898641
2021-04-04 03:00:00,,,,,0.0005718728835462095,-0.009539077507329963,0.02099606001738552
2021-04-05 03:00:00,,,,,0.0010244240006807015,-0.007164239302965836,-0.03418301231137588
2021-04-06 03:00:00,,,,,-0.004193226397358307,0.02038671541854531,-0.0020652648808711094
2021-04-07 03:00:00,,,,,-0.002943026499322432,-0.0021615132791278358,0.015476592461261873
2021-04-08 03:00:00,,,,,0.004788976284162194,0.0017634649455906537,-0.005511074836436758
2021-04-09 03:00:00,,,,,-0.002826119651010539,0.005263662828853599,0.0049352312608370585
2021-04-10 03:00:00,,,,,-0.011762429173888145,0.0006934211821074676,-0.008082313864742563
2021-04-11 03:00:00,,,,,-0.006734439676241211,-2.7014340037379014e-05,0.025245497978532816
2021-04-12 03:00:00,,,,,-0.007209157339299499,0.005187496011205273,-0.004689962529431324
2021-04-13 03:00:00,,,,,0.0136557425517434,-0.014948186547894649,-0.014621742742035426
2021-04-14 03:00:00,,,,,0.009249371446568455,-0.010080910617060068,-0.001886566875362039
2021-04-15 03:00:00,,,,,-0.004820733944956301,-0.0009235054882876792,-0.005402201359036796
2021-04-16 03:00:00,,,,,-0.007514961517040675,0.0046061867993814065,0.022417474582462793
2021-04-17 03:00:00,,,,,-0.0016951716140642947,0.011419807292720074,0.03157516800555693
2021-04-18 03:00:00,,,,,-0.014317355645014906,-0.02504315184157524,-0.04353346177325479
2021-04-19 03:00:00,,,,,0.007541039502385605,0.03949386653484099,0.04705126919323899
2021-04-20 03:00:00,,,,,0.01233282296441307,-0.01438638103844303,0.04115810315341761
2021-04-21 03:00:00,,,,,-0.015074275592281139,-0.013792311172242222,-0.06940941864263228
2021-04-22 03:00:00,,,,,0.0033584583364392184,0.0004661508907504164,-0.013059611120402104
2021-04-23 03:00:00,,,,,0.008084533786248516,0.004469816912101132,0.030628266544473037
2021-04-24 03:00:00,,,,,-0.0043934260193890795,0.0018857211755574088,-0.0061036390324837875
2021-04-25 03:00:00,,,,,-0.004683646570625366,-0.031841976108910264,-0.016751688329844194
2021-04-26 03:00:00,,,,,0.006974245039973903,-0.0054450942156146764,0.0026813051952907507
2021-04-27 03:00:00,,,,,-0.013578517202889495,0.043405772171009716,6.853448366528347e-05
2021-04-28 03:00:00,,,,,0.007949230529994855,-0.0012119654800248902,-0.011468368431842402
2021-04-29 03:00:00,,,,,0.014097099691076975,-0.0029953146630643523,-0.0065823158659318315
2021-04-30 03:00:00,,,,,0.0007220719495453221,-0.0011279483718387162,0.0013403319227696109
2021-05-01 03:00:00,,,,,0.01174179347809079,-0.019374859752915308,0.04351790852548709
2021-05-02 03:00:00,,,,,0.0018386043253777462,0.00744997158902283,-0.04243565804043692
2021-05-03 03:00:00,,,,,0.0009749559792195939,0.0028038217774317697,0.0157234437246776
2021-05-04 03:00:00,,,,,0.006546399081007737,0.00019433713436178834,0.013724078128005468
2021-05-05 03:00:00,,,,,0.0029225265771453124,-0.00019661214728461385,-0.023578254260249953
2021-05-06 03:00:00,,,,,0.0056185750226676046,-0.015145556305403485,0.0017113128952137568
2021-05-07 03:00:00,,,,,-0.0013750500065141669,-4.5890267837078724e-05,-0.0035695432132308857
2021-05-08 03:00:00,,,,,-0.0038033327360320612,0.011750334124209783,0.02764791453436688
2021-05-09 03:00:00,,,,,0.007971165404096814,0.019789212140910895,-0.024780283338295184
2021-05-10 03:00:00,,,,,0.0047405955775032815,-0.01387377505465126,0.011675407615727496
2021-05-11 03:00:00,,,,,-0.0012038352606802416,-0.005945117329590244,0.018580434841078297
2021-05-12 03:00:00,,,,,0.0019223928877030172,0.017084911266659786,-0.03534408443273873
2021-05-13 03:00:00,,,,,0.01415674004970624,-0.03010916794847629,0.028119734750968517
2021-05-14 03:00:00,,,,,-0.0036702847126844906,0.033270882580505035,0.09505744539134708
2021-05-15 03:00:00,,,,,0.010257363602222958,-0.013636946716986897,-0.08912519967792842
2021-05-16 03:00:00,,,,,-0.004547811780349242,-0.00679073006560349,-0.0356114016610668
2021-05-17 03:00:00,,,,,0.0035305402099898853,0.0318732950021976,0.023455617517055938
2021-05-18 03:00:00,,,,,-0.0030877488626683824,-0.026360926527404405,0.038960306024915514
2021-05-19 03:00:00,,,,,-0.01230767318416548,-0.02799827350197115,-0.048355262635920715
2021-05-20 03:00:00,,,,,0.013823369195761215,0.019869688221723525,-0.002563347906901381
2021-05-21 03:00:00,,,,,-0.0024765188142045202,-0.01395774453004417,0.016402854601859085
2021-05-22 03:00:00,,,,,0.005938722244334338,0.03215033266368317,-0.019940147725931112
2021-05-23 03:00:00,,,,,-0.007960221538243384,-0.022426233558328956,0.03804213691453118
2021-05-24 03:00:00,,,,,0.010552164720156743,0.015278893165416418,-0.035035236513736745
2021-05-25 03:00:00,,,,,-0.006742546193533316,0.02281530961853595,0.03335804373988349
2021-05-26 03:00:00,,,,,0.011623928541020012,-0.03955645989739176,-0.010448513709434004
2021-05-27 03:00:00,,,,,-0.006197803253550127,-0.0052457630543758516,-0.017539580901213436
2021-05-28 03:00:00,,,,,0.0015983496873523961,0.004314739997872241,-0.0032405360921436976
2021-05-29 03:00:00,,,,,-0.01712115364787592,-5.024585504465051e-05,0.15420941202840588
2021-05-30 03:00:00,,,,,0.0077124461589863635,0.029815968902738854,-0.03552261716483407
2021-05-31 03:00:00,,,,,-0.006176036700173859,0.023740797389245394,0.004089330198181473
2021-06-01 03:00:00,,,,,0.0154403466677,-0.022293536711250006,0.037802485226233085
2021-06-02 03:00:00,,,,,-0.014305134068898995,-0.0031446699543017376,-0.08370955903390298
2021-06-03 03:00:00,,,,,0.0063086281751452145,-0.007404660251197126,0.026573946698093653
2021-06-04 03:00:00,,,,,-0.00574364740344202,0.03528362289303488,-0.042242194872183836
2021-06-05 03:00:00,,,,,0.032829045319743066,-0.02265617585091928,-0.021623027699130826
2021-06-06 03:00:00,,,,,-0.022111727342985277,-0.011108836770425734,-0.012224061115605145
2021-06-07 03:00:00,,,,,-0.0038841320325331274,-0.007674863407474253,0.023343870292757973
2021-06-08 03:00:00,,,,,0.010773820076609208,0.0013001756588382207,-0.02704591226283326
2021-06-09 03:00:00,,,,,-0.008379642192343106,-0.0006399118243817226,0.012826776103521453
2021-06-10 03:00:00,,,,,-0.004405456586139667,0.019008419879504856,-0.0031250742321765612
2021-06-11 03:00:00,,,,,0.03033726498199485,0.0013652184006416324,0.015563546559960395
2021-06-12 03:00:00,,,,,-0.012061035799821873,-0.029735826817674282,-0.00800156675477881
2021-06-13 03:00:00,,,,,-0.019050065687240658,0.009797421274786888,-0.0013343946797259587
2021-06-14 03:00:00,,,,,-0.019120582077102655,0.002297048679047009,0.027923144728163596
2021-06-15 03:00:00,,,,,0.03047145627168857,-0.033550326158906296,-0.029893665885085463
2021-06-16 03:00:00,,,,,0.003999287426968534,0.02631700018652694,0.007296269597079519
2021-06-17 03:00:00,,,,,0.0010640527096676955,-0.0006344347012813278,-0.02452144950280155
2021-06-18 03:00:00,,,,,0.020013249977927305,-0.004166472328996695,0.028714387731176405
2021-06-19 03:00:00,,,,,-0.007528613145822427,-0.011163194642917929,-0.02713439352165936
2021-06-20 03:00:00,,,,,-0.00013681803965681638,0.005089981705814317,0.02306218945432925
2021-06-21 03:00:00,,,,,0.0005204459477143875,-0.012361037785262652,0.0005016047916337474
2021-06-22 03:00:00,,,,,-0.008049554146500104,0.015022063900246074,0.003862193430700822
2021-06-23 03:00:00,,,,,0.011591448317600062,0.026750692432799816,0.03624265328700926
2021-06-24 03:00:00,,,,,0.0023707991566173092,0.005165003162548754,0.01381737536740335
2021-06-25 03:00:00,,,,,0.0007011503284308773,-0.03040703465911343,-0.03645249304128373
2021-06-26 03:00:00,,,,,-0.01919908209316623,0.03416531581384641,-0.03990761498112294
2021-06-27 03:00:00,,,,,-0.006450306155222019,-0.016995280621112996,-0.010889694336130518
2021-06-28 03:00:00,,,,,0.012893557374197062,-0.010881752368504305,0.02020689875662196
2021-06-29 03:00:00,,,,,0.00641367559927053,0.014101387509131813,0.02841797759862441
2021-06-30 03:00:00,,,,,-0.008715113596498902,-0.009291892513760724,-0.026536889876628722
2021-07-01 03:00:00,,,,,0.007051623196874246,-0.004169345646793943,0.016956889907816297
2021-07-02 03:00:00,,,,,-0.020560806258125952,0.0015598628529331915,-0.024270481589323434
2021-07-03 03:00:00,,,,,-0.018668931297174285,-0.00039307798710330744,0.010357407153951614
2021-07-04 03:00:00,,,,,0.005177217663729694,0.0037979745044933733,0.021416315264105812
2021-07-05 03:00:00,,,,,0.013921640727738493,0.025168613367644532,-0.0024153408820984934
2021-07-06 03:00:00,,,,,-0.041826045761495734,6.0944122996842154e-05,-0.015549929914051686
2021-07-07 03:00:00,,,,,0.03858074981797821,-0.0001228911207736827,0.020145292182028207
2021-07-08 03:00:00,,,,,-0.034446995911417866,-0.024735082772119332,-0.016304696377528072
2021-07-09 03:00:00,,,,,0.011197833794056589,-0.015067030941268045,-0.0040279305476014216
2021-07-10 03:00:00,,,,,-0.015569298018190847,0.02890070062571426,0.05153022786225958
2021-07-11 03:00:00,,,,,0.025902582393323215,-0.013575393221454513,-0.01893346435052723
2021-07-12 03:00:00,,,,,0.0019568032013950187,0.011864759598620767,-0.007831183420106025
2021-07-13 03:00:00,,,,,-0.004536048006526849,-0.015636739714959713,0.07688479169799112
2021-07-14 03:00:00,,,,,0.003599174255269899,0.022912313213343305,-0.07295854605563445
2021-07-15 03:00:00,,,,,-0.012378976795877183,0.009053569012095863,0.0035565868093008213
2021-07-16 03:00:00,,,,,0.009273171551647641,-0.004451497524079584,-0.03593641852131457
2021-07-17 03:00:00,,,,,-0.014820336395066303,-0.0434750961780801,-0.007265497427844658
2021-07-18 03:00:00,,,,,0.012706315034502369,0.041281778590405604,0.020977071016275994
2021-07-19 03:00:00,,,,,-0.001414885310231373,-0.008556953838612436,-0.008520381978342262
2021-07-20 03:00:00,,,,,0.011542144341915028,0.028866926673509763,0.0493604841371067
2021-07-21 03:00:00,,,,,-0.008207334877904482,-0.062361696059494376,-0.009581415725491982
2021-07-22 03:00:00,,,,,-0.03138316485435566,0.03491403849431385,0.012024084467892937
2021-07-23 03:00:00,,,,,0.0037617560128042626,-0.03154875936949453,-0.029360889255208633
2021-07-24 03:00:00,,,,,0.014526328705227742,0.03451160267647824,0.05416586106274979
2021-07-25 03:00:00,,,,,-0.0017701055186053472,-0.0005506475013631329,-0.0744842181577895
2021-07-26 03:00:00,,,,,-0.02438776133857712,-0.026512021100550953,0.030910231419689627
2021-07-27 03:00:00,,,,,0.0025246007627501843,0.016938792048496687,0.03164863532478912
2021-07-28 03:00:00,,,,,-0.003964107254292193,-0.03275461626209775,-0.03412007473096512
2021-07-29 03:00:00,,,,,0.026196468158037334,0.04965096832961646,0.21334000891180827
2021-07-30 03:00:00,,,,,-0.005856929321879312,-0.041989113253502075,-0.14119422380638746
2021-07-31 03:00:00,,,,,-0.01423165477670596,0.018296101406961363,-0.025481449339975648
2021-08-01 03:00:00,,,,,0.0012004979003319427,0.02292124717973243,0.08459674482982282
2021-08-02 03:00:00,,,,,0.006487051037921798,-0.026006711769307356,0.03926998063076037
2021-08-03 03:00:00,,,,,-0.0034561736751923533,-0.008974240453663462,-0.05673759897597097
2021-08-04 03:00:00,,,,,-0.01908132473240065,0.0016692226318513192,0.032359583252718815
2021-08-05 03:00:00,,,,,0.008732937187226897,-0.029881132239658714,0.01293196120325879
2021-08-06 03:00:00,,,,,-0.017104224376569777,0.02251402528551183,0.059323337372990004
2021-08-07 03:00:00,,,,,0.0018942218788606802,0.050795023809989015,0.12947622717648977
2021-08-08 03:00:00,,,,,-0.0061941756020647,-0.006877656282209377,-0.12781910187313772
2021-08-09 03:00:00,,,,,0.007426728911599234,-0.010228323541855655,-0.12085828422470479
2021-08-10 03:00:00,,,,,-0.011215502837729985,-0.05202423601750816,0.03197448638270295
2021-08-11 03:00:00,,,,,0.014640760223642468,0.04699043838742534,0.005045736982732807
2021-08-12 03:00:00,,,,,0.03071125107586825,-0.023672109048704093,0.01245356701708844
2021-08-13 03:00:00,,,,,0.0011514699220556146,0.010461127451737884,-0.07616027131246683
2021-08-14 03:00:00,,,,,0.010043976295339041,0.0031046311602100918,-0.02063552406600022
2021-08-15 03:00:00,,,,,-0.004295631273464662,-0.032532451329250534,0.009647531310600366
2021-08-16 03:00:00,,,,,0.006784770454656863,0.03330484732861039,-0.002771434315024801
2021-08-17 03:00:00,,,,,-0.010469637952042476,-0.012494081839860338,-0.025075300454533767
2021-08-18 03:00:00,,,,,0.017551414391374198,-0.03478387873151201,0.07838181453636062
2021-08-19 03:00:00,,,,,0.0001774999779915465,0.04330442110491606,-0.04462875105711128
2021-08-20 03:00:00,,,,,0.012436159186751006,-0.008220838790124585,0.07921220389317263
2021-08-21 03:00:00,,,,,0.008061575350229333,0.025920047571540428,-0.029392236510726866
2021-08-22 03:00:00,,,,,-0.005200323425832432,-0.03174017553587005,-0.05054077865825701
2021-08-23 03:00:00,,,,,-0.005348176907756241,0.014930207134356666,0.07786934452762817
2021-08-24 03:00:00,,,,,-0.010361864433767964,-0.04652895770001597,-0.07500382046945586
2021-08-25 03:00:00,,,,,0.010774276998524401,0.0519475181420086,0.011120401663222923
2021-08-26 03:00:00,,,,,0.002983311937274191,-0.04268696277633677,0.05789779232015202
2021-08-27 03:00:00,,,,,-0.02448903021508908,0.019332914832361103,0.04381408851666713
2021-08-28 03:00:00,,,,,0.013266430501991167,0.024609481055620108,-0.07920254108682157
2021-08-29 03:00:00,,,,,-0.011859795788977667,-0.023209797873956606,-0.03270113440554534
2021-08-30 03:00:00,,,,,-0.012654109904920996,0.00897703270867467,0.011228963433379757
2021-08-31 03:00:00,,,,,0.012379905979017058,0.005002196489784616,-0.013039877285240253
2021-09-01 03:00:00,,,,,-0.004287141225439717,0.0011315350498870558,0.03779739325707476
2021-09-02 03:00:00,,,,,-0.006537528177425922,-0.04176060896824585,-0.014096407314395987
2021-09-03 03:00:00,,,,,-0.01269002412471143,0.00947026654050842,-0.020767932216925078
2021-09-04 03:00:00,,,,,0.03068198160448432,0.023594900761591875,0.0034206547086903516
2021-09-05 03:00:00,,,,,-0.013280391399623337,-0.0008035278017723968,0.0025821987006284797
2021-09-06 03:00:00,,,,,0.02519675177847791,-0.015617740030419047,0.001981752272966375
2021-09-07 03:00:00,,,,,-0.03042928152211788,0.00025675953818549146,-0.0010563324333172641
2021-09-08 03:00:00,,,,,-0.012096797632847434,0.015400776071474276,0.053863915809775564
2021-09-09 03:00:00,,,,,-0.020607464259097985,0.00877331056486308,-0.03307953500340244
2021-09-10 03:00:00,,,,,-0.012994225447293228,-0.04438684686241179,-0.02714035287818961
2021-09-11 03:00:00,,,,,0.044320970985670005,0.023888134784116444,0.009786800292614917
2021-09-12 03:00:00,,,,,-0.019458012411604275,-0.014909104129458561,0.032818946612833244
2021-09-13 03:00:00,,,,,-0.018855703461198803,0.014025870317478706,0.006578992849531229
2021-09-14 03:00:00,,,,,-0.01682455988602294,-0.00600449803580283,-0.02006188442655743
2021-09-15 03:00:00,,,,,0.07359380337339538,-0.010136352891840672,-0.017463583488290246
2021-09-16 03:00:00,,,,,-0.028334624097474448,0.02782513412099008,0.03307785402570551
2021-09-17 03:00:00,,,,,-0.039792385865661584,-0.033460633399633566,-0.009373202078798104
2021-09-18 03:00:00,,,,,-0.024040955460012392,-0.011458171970480269,0.10614039594915425
2021-09-19 03:00:00,,,,,0.010921336727275355,0.059231963318756575,-0.08336346756305013
2021-09-20 03:00:00,,,,,-0.01207217365338098,-0.04035825660560288,-0.07201342019949741
2021-09-21 03:00:00,,,,,-0.010551351239676765,0.03421592272454377,0.021651520097325738
2021-09-22 03:00:00,,,,,0.006996205464879335,-0.02467470168490582,-0.013552516927567315
2021-09-23 03:00:00,,,,,-0.005824256447675813,-0.0066658776409551646,0.018272738126191124
2021-09-24 03:00:00,,,,,0.017496540144147144,0.021655440352855715,0.015269166283471636
2021-09-25 03:00:00,,,,,0.001726135361787895,-0.018437925984027492,0.050189370403968425
2021-09-26 03:00:00,,,,,-0.04341980714607607,0.014251543382943765,-0.030317145422646297
2021-09-27 03:00:00,,,,,0.05429046640117563,-0.003628873115293585,-0.0519773797026698
2021-09-28 03:00:00,,,,,-0.03125852492838166,-0.010607834313020037,-0.003204321106469954
2021-09-29 03:00:00,,,,,-0.002725873324138539,-0.016495686047887093,-0.0019165430107016546
2021-09-30 03:00:00,,,,,0.0030042772287659503,0.06335722814097022,-0.010376234899061143
2021-10-01 03:00:00,,,,,0.025323795667990145,0.028987394547515644,0.043367650610242725
2021-10-02 03:00:00,,,,,0.018940125793584395,-0.08304474265154527,-0.028077098341359297
2021-10-03 03:00:00,,,,,-0.009112039565857266,0.02979458827276882,0.12006740974712948
2021-10-04 03:00:00,,,,,0.009628090729563388,-0.03730393519807029,-0.0787571506089968
2021-10-05 03:00:00,,,,,0.01855494432228566,0.018978809092022875,-0.007036659183470961
2021-10-06 03:00:00,,,,,-0.039933673779334544,0.008621044504360853,-0.02268485729644476
2021-10-07 03:00:00,,,,,0.012622321262463432,-0.019057098602381806,-0.020195534679365856
2021-10-08 03:00:00,,,,,0.01735581569254463,0.00619141112645516,0.0167877898210953
2021-10-09 03:00:00,,,,,-0.022190894179787812,0.0051406554009088,0.017772723993184192
2021-10-10 03:00:00,,,,,0.0016757215839866557,0.03709937277635689,-0.020578883423050587
2021-10-11 03:00:00,,,,,-0.055379198966705845,0.01098280263022211,0.027069013972862432
2021-10-12 03:00:00,,,,,-0.026749957157846227,-0.04224042793805105,0.05134807359426263
2021-10-13 03:00:00,,,,,-0.00457936312304974,-0.022024931510147505,0.02830599964132774
2021-10-14 03:00:00,,,,,0.03613264702347707,0.029386481499426242,-0.07102983341950253
2021-10-15 03:00:00,,,,,-0.0583078466969863,-0.051515085160616314,0.008666620220101562
2021-10-16 03:00:00,,,,,0.00428761325075766,0.03324373139978243,0.08166643763273207
2021-10-17 03:00:00,,,,,0.010893015453687038,-0.019027966963129805,-0.0798346892471945
2021-10-18 03:00:00,,,,,0.01994086121791505,0.04551250229038839,0.026277035076382793
2021-10-19 03:00:00,,,,,-0.003409778562111887,0.009006461585655101,0.028904759257694312
2021-10-20 03:00:00,,,,,0.042212882829405274,-0.02040308069730412,-0.058381457149202065
2021-10-21 03:00:00,,,,,-0.02197291168004889,0.0143268121769764,0.016421460869562754
2021-10-22 03:00:00,,,,,0.031223824874315076,-0.0034703510209689314,-0.0420342762954351
2021-10-23 03:00:00,,,,,-0.052394581524445094,-0.035836213298655606,0.0936091593975481
2021-10-24 03:00:00,,,,,0.011829641760569443,-0.0007394242679057417,-0.0038814014877163183
2021-10-25 03:00:00,,,,,0.010797678801138577,0.026545381055675055,-0.03166469349335477
2021-10-26 03:00:00,,,,,0.007517253772560739,0.019439007049139256,0.1569947856409819
2021-10-27 03:00:00,,,,,-0.009654780348209435,-0.03571164402993798,-0.10136533246406487
2021-10-28 03:00:00,,,,,0.015705331402566358,0.009890947465604372,-0.03947392213253642
2021-10-29 03:00:00,,,,,-0.009217239001975908,0.014007379337901193,-0.0218218543038744
2021-10-30 03:00:00,,,,,-0.017817451173265386,-0.02714210493761371,-0.008948621531285061
2021-10-31 02:00:00,,,,,0.013539640473201997,0.026012743120137793,0.09679055707890316
2021-11-01 02:00:00,,,,,-0.010194296735895336,-0.050344871627678534,-0.06589902957080751
2021-11-02 02:00:00,,,,,0.001528994934091532,0.04959494483081306,0.0266213007090641
2021-11-03 02:00:00,,,,,0.0012706823596273509,-0.031006121632932704,-0.043460255936147885
2021-11-04 02:00:00,,,,,0.019555278841932644,0.03406242067860621,-0.020689224462417277
2021-11-05 02:00:00,,,,,0.012935158431234273,3.8075663420400474e-05,0.057539071710075884
2021-11-06 02:00:00,,,,,-0.0035368477850041824,-0.02552558763964985,-0.051502854521283226
2021-11-07 02:00:00,,,,,0.020671331437387197,0.029091335213414116,0.003410833984843764
2021-11-08 02:00:00,,,,,-0.0045794049914108514,-0.016224238025346338,0.02806952010919672
2021-11-09 02:00:00,,,,,-0.021424965836449372,0.0609480578236159,-0.027747562079228794
2021-11-10 02:00:00,,,,,-0.005924461914327939,-0.020111119726401006,0.041710644696983046
2021-11-11 02:00:00,,,,,0.04461486306393825,-0.026830358288152834,-0.017735488232750396
2021-11-12 02:00:00,,,,,0.013465747503460745,0.027127950657245714,-0.007159849427440745
2021-11-13 02:00:00,,,,,0.0006864327087496847,-0.031048797994224553,0.024306397734463303
2021-11-14 02:00:00,,,,,-0.006557138202119894,0.030394012392382486,-0.02908123127175999
2021-11-15 02:00:00,,,,,0.0011018612492867952,-0.03563457175111684,0.01975364768659249
2021-11-16 02:00:00,,,,,0.01034248942029481,-0.014480311495150833,0.0341701969017969
2021-11-17 02:00:00,,,,,-0.011726721964164466,0.06345383107520064,-0.03590520197954772
2021-11-18 02:00:00,,,,,0.00486915608453975,-0.03223863430569196,0.02417420173522622
2021-11-19 02:00:00,,,,,0.008131020453503446,0.001998607118393725,-0.025158383292522624
2021-11-20 02:00:00,,,,,-0.020024389741677084,0.02842926200864082,-0.011060623174615203
2021-11-21 02:00:00,,,,,0.023070922378399583,0.008869828240844368,0.042867144723683026
2021-11-22 02:00:00,,,,,0.013930440427977198,-0.07001059064496717,-0.04335470701570976
2021-11-23 02:00:00,,,,,0.015356417910585618,0.027534297152078224,-0.007876525981068028
2021-11-24 02:00:00,,,,,-0.0017503422395361845,0.010737819052172748,0.01645716237770256
2021-11-25 02:00:00,,,,,0.0031757942187493615,-0.00023283545174257458,0.02661160639035809
2021-11-26 02:00:00,,,,,-0.006503885138210985,0.015315577505490063,-0.032373785244606545
2021-11-27 02:00:00,,,,,-0.004563821451441963,-0.006599888207260207,0.011709298302324367
2021-11-28 02:00:00,,,,,-0.009245915565282203,0.0029989331572664035,-0.012958131797724315
2021-11-29 02:00:00,,,,,-0.017742994897224085,-0.029855158223203615,0.027989595075587292
2021-11-30 02:00:00,,,,,-0.007410093836731746,-0.0037479688056933913,-0.04179240855765143
2021-12-01 02:00:00,,,,,0.00262861641646861,0.029367932682788922,0.0013538190695894237
2021-12-02 02:00:00,,,,,0.021743269822183997,0.02070051663775274,0.03462317897395195
2021-12-03 02:00:00,,,,,0.0158444531595483,-0.039324549147298105,-0.021632044164282993
2021-12-04 02:00:00,,,,,-0.059130284940523636,0.02860309773935321,0.009264595452422864
2021-12-05 02:00:00,,,,,0.008669958835471947,-0.023987166104139868,0.03232559960891268
2021-12-06 02:00:00,,,,,-0.017244231430340373,-0.012505059288289266,-0.024507629182935142
2021-12-07 02:00:00,,,,,0.0018818209842870193,0.025450019177635674,0.014015228515078082
2021-12-08 02:00:00,,,,,0.0177919364933965,-0.030958644061681584,-0.03172067058859218
2021-12-09 02:00:00,,,,,-0.03399021737886887,-0.0051829185596257155,0.003947942878687716
2021-12-10 02:00:00,,,,,0.02832702978133117,0.01375857913808809,0.06941025995362149
2021-12-11 02:00:00,,,,,-0.0020907676806815045,0.013509405710300904,-0.06598386429835523
2021-12-12 02:00:00,,,,,0.007455716739180218,-0.018994399270846674,-0.01512027913875591
2021-12-13 02:00:00,,,,,0.0032447167919384956,-0.029584882390713996,0.00010503193113020615
2021-12-14 02:00:00,,,,,-0.0019371286295919443,0.05649141711994754,0.04330716334495022
2021-12-15 02:00:00,,,,,-0.029760292357093765,-0.00861048965184008,-0.04416792275171
2021-12-16 02:00:00,,,,,0.001360692907621086,-0.01098603013221966,0.03737532956557632
2021-12-17 02:00:00,,,,,-0.02787969061915685,-0.05156301778190009,-0.03177526595433722
2021-12-18 02:00:00,,,,,0.020864249844419813,0.03399570792935247,0.03326440284183363
2021-12-19 02:00:00,,,,,-0.016181395114224117,0.08037817116033619,-0.029672007023358593
2021-12-20 02:00:00,,,,,0.02460576060405395,-0.06289170658457954,0.04472508402185871
2021-12-21 02:00:00,,,,,-0.05006679386399071,0.014601164208635664,-0.002594038353331163
2021-12-22 02:00:00,,,,,-0.004192088104364555,-0.006851862995583824,-0.02879472887163792
2021-12-23 02:00:00,,,,,-0.008511846578885263,-0.023832681269689293,0.08060917477324026
2021-12-24 02:00:00,,,,,0.012572718774389369,0.007420298196057384,-0.03149571224025327
2021-12-25 02:00:00,,,,,0.013664569630186474,0.05358104514911166,-0.032317920467769934
2021-12-26 02:00:00,,,,,-0.02879582885654497,-0.017216438473455664,-0.011691135100720507
2021-12-27 02:00:00,,,,,-0.00960949813194878,-0.028167679859323336,0.029629713370239008
2021-12-28 02:00:00,,,,,0.029171793084936004,-0.0048795339807711224,-0.014137592894556739
2021-12-29 02:00:00,,,,,0.04178184303422139,0.02791852162192021,-0.018398673192075
2021-12-30 02:00:00,,,,,-0.017569672543991666,-0.004122249172620274,0.01829444898779764
2021-12-31 02:00:00,,,,,-0.021116711017441947,0.0013597496274271315,-0.03954831850536211
2022-01-01 02:00:00,,,,,0.011534708528597726,0.005075156516227253,0.029132069188784637
2022-01-02 02:00:00,,,,,-0.04117704709350234,-0.10778943247811257,0.039379015296861164
2022-01-03 02:00:00,,,,,-0.004984079367932881,0.1148574305238752,-0.04717844722285014
2022-01-04 02:00:00,,,,,-0.025954832980603415,-0.015350312908658847,-0.014548553004498532
2022-01-05 02:00:00,,,,,0.11715401858503038,-0.11967529831923474,0.039573612771451216
2022-01-06 02:00:00,,,,,-0.04247664232126436,0.06993357994737459,0.003283357086461436
2022-01-07 02:00:00,,,,,0.0034088802535203744,0.03719980218028196,-0.025970321552214903
2022-01-08 02:00:00,,,,,-0.0030523414762244627,0.013091342440635811,0.023588237714759375
2022-01-09 02:00:00,,,,,-0.017340841726566802,-0.017598988636473023,-0.025556738918233624
2022-01-10 02:00:00,,,,,0.0029206094889919765,-0.007970747282661783,0.026851154471698058
2022-01-11 02:00:00,,,,,0.0333216232720448,-0.013162309333845545,-0.03506983040466827
2022-01-12 02:00:00,,,,,-0.006663119004533535,-0.0006615898056785419,0.005964373869770778
2022-01-13 02:00:00,,,,,0.012426375799820866,0.04755264716926222,-0.014027497645018538
2022-01-14 02:00:00,,,,,-0.009017516919109014,0.00517723526899605,0.019113671059753035
2022-01-15 02:00:00,,,,,-0.004498269258925713,-0.007518414324182543,-0.02662710629410181
2022-01-16 02:00:00,,,,,0.03985227049627427,-0.0018812680554911587,0.02085510757704001
2022-01-17 02:00:00,,,,,-0.03937037256682485,0.016832370158566423,0.028903100243335755
2022-01-18 02:00:00,,,,,0.022401575026954168,0.0020849119884502887,-0.01940359201509889
2022-01-19 02:00:00,,,,,0.0124377877641495,-0.06940578560700683,0.009365453096370935
2022-01-20 02:00:00,,,,,-0.05893938094331208,0.16200640043236336,-0.02072085609058938
2022-01-21 02:00:00,,,,,0.03450337697889094,-0.1060915676464611,-0.00667001112672172
2022-01-22 02:00:00,,,,,-0.01182975920744933,0.0003185925834716663,0.027716489396466093
2022-01-23 02:00:00,,,,,0.018535720367865105,0.024957080768801765,0.016049447342692424
2022-01-24 02:00:00,,,,,-0.015432449201350229,-0.03549682893104311,-0.015796575040787686
2022-01-25 02:00:00,,,,,0.052187612106934456,0.03719642054378025,-0.009290997071072504
2022-01-26 02:00:00,,,,,-0.00440443377134514,-0.036625365182070935,0.005266081736121642
2022-01-27 02:00:00,,,,,-0.006638254202762872,0.07670640288616482,0.04339351925541246
2022-01-28 02:00:00,,,,,0.020809245653024222,-0.0022577412158104604,-0.008009725180368688
2022-01-29 02:00:00,,,,,-0.03177929747206565,-0.018904891636086107,-0.05977142523552259
2022-01-30 02:00:00,,,,,0.0036452173159815526,0.016767976037086463,0.031013897101363375
2022-01-31 02:00:00,,,,,0.005662216666732611,-0.033482331802221266,-0.016491400960804814
2022-02-01 02:00:00,,,,,-0.00963205808172618,-0.01946307534168057,0.06386048925891297
2022-02-02 02:00:00,,,,,0.020865982363893254,0.023698254720582623,-0.045287531139825754
2022-02-03 02:00:00,,,,,-0.0010600169045230645,-0.013459370068142906,-0.009037571044867465
2022-02-04 02:00:00,,,,,-0.00753400950919314,0.0015113645162645462,0.025078414276509475
2022-02-05 02:00:00,,,,,0.005225235430228015,0.013985687759659804,-0.005138076939863012
2022-02-06 02:00:00,,,,,-0.010626240543553545,0.03598622457517031,0.002109044768581203
2022-02-07 02:00:00,,,,,0.07266776150111598,-0.0799146046861523,-0.019988841406760605
2022-02-08 02:00:00,,,,,-0.03414533732104663,0.08500240314911012,0.05649951444048584
2022-02-09 02:00:00,,,,,-0.0025021443815258504,-0.07575644628653311,-0.033618282991879966
2022-02-10 02:00:00,,,,,-0.00757306171805594,0.07249740540977356,0.11129346442519905
2022-02-11 02:00:00,,,,,-0.00511639781617379,0.00925480603035056,-0.05733646082544308
2022-02-12 02:00:00,,,,,-0.02874518598715914,-0.0038413556022384165,-0.02559598186696721
2022-02-13 02:00:00,,,,,0.010391588327461454,-0.0024366752954282367,0.038029600702585764
2022-02-14 02:00:00,,,,,-0.006062270141274695,-0.009261716299475586,-0.04000544379839299
2022-02-15 02:00:00,,,,,0.017773792012379497,-0.03412095976475449,-0.03203106482127427
2022-02-16 02:00:00,,,,,0.041050332693368885,0.008682383053121967,0.015534328974588174
2022-02-17 02:00:00,,,,,-0.01903762209746851,0.009667731330348595,-0.011829376151433646
2022-02-18 02:00:00,,,,,-0.03303933172601925,0.024757803444759086,0.01672881268537374
2022-02-19 02:00:00,,,,,-0.02322847345473944,-0.014207267975326898,-0.021131161844093915
2022-02-20 02:00:00,,,,,-0.003984843309385089,-0.008882916015953035,-0.0060616781179329005
2022-02-21 02:00:00,,,,,-0.007535528108801648,0.02414298653684277,0.01763325567170715
2022-02-22 02:00:00,,,,,0.0158878144090997,-0.012422411238763198,-0.034583820726208025
2022-02-23 02:00:00,,,,,0.025764813824007637,0.002272922992290427,0.03680878227653661
2022-02-24 02:00:00,,,,,-0.030306835039607072,-0.03599903727219089,-0.014573896485254756
2022-02-25 02:00:00,,,,,-0.009570633649571447,-0.010732687975227972,0.05748305284929511
2022-02-26 02:00:00,,,,,0.007701844224101473,-0.0013271230289029212,-0.05230242175248434
2022-02-27 02:00:00,,,,,0.003712969960795842,0.03980499608967847,-0.018767405282126504
2022-02-28 02:00:00,,,,,-0.009530560858658221,-0.03856140852008849,0.010132565822119632
2022-03-01 02:00:00,,,,,0.025554187424227992,0.009250431889118671,0.08895720176781108
2022-03-02 02:00:00,,,,,-0.011175910610384365,0.028333461594189924,-0.03526022171863541
2022-03-03 02:00:00,,,,,-0.025239704865531842,-0.036728807935347274,-0.04772651750640389
2022-03-04 02:00:00,,,,,0.05654673621857409,-0.016363107669952526,0.010481702954638683
2022-03-05 02:00:00,,,,,-0.015381243122175037,0.06381194786585498,0.008356560679772418
2022-03-06 02:00:00,,,,,-0.004290412550288281,0.017343707651217066,-0.01203849766582954
2022-03-07 02:00:00,,,,,0.011686991866027396,0.01034228775464352,-0.004952430989274448
2022-03-08 02:00:00,,,,,0.013496717485976806,-0.06668943323548437,-0.0031973715559889815
2022-03-09 02:00:00,,,,,0.0021218321431912823,0.0753093197854029,-0.013606301268292764
2022-03-10 02:00:00,,,,,-0.012739024442989466,0.0022186578318634798,0.003005978560211009
2022-03-11 02:00:00,,,,,0.01485507721544077,-0.0010015026459712084,0.06247867479965774
2022-03-12 02:00:00,,,,,-0.03645429508528708,-0.004613988281203962,-0.055026562979517024
2022-03-13 02:00:00,,,,,0.03674259623129439,-0.015681150514438413,-0.0009751030317393106
2022-03-14 02:00:00,,,,,0.009396799104181008,0.017828147188805987,-0.014730203418395038
2022-03-15 02:00:00,,,,,-0.015588897905530752,-0.055370900242548426,0.034521590140631275
2022-03-16 02:00:00,,,,,0.016110158874973912,0.036445664325416294,-0.02430500264046842
2022-03-17 02:00:00,,,,,0.0015966761157379938,-0.01187842402481365,0.004267177511724229
2022-03-18 02:00:00,,,,,0.00143386109938759,0.0005966588708330445,0.043077061472367895
2022-03-19 02:00:00,,,,,-0.010478970310102587,0.0279039613925276,-0.01442650061932016
2022-03-20 02:00:00,,,,,0.01485975794976735,0.01231932435769667,-0.01434270382886571
2022-03-21 02:00:00,,,,,0.03795901422773218,-0.031632141413444725,0.07459216266492796
2022-03-22 02:00:00,,,,,-0.013215747650625498,0.014146852470824145,-0.06126606950859814
2022-03-23 02:00:00,,,,,-0.00755174164318384,-0.005708911856336263,0.08521150604474381
2022-03-24 02:00:00,,,,,-0.01615150005577648,0.018827363106319384,-0.06645182314494791
2022-03-25 03:00:00,,,,,0.03675070327718233,-0.0073993342654846694,-0.01722243889719688
2022-03-26 03:00:00,,,,,-0.026786804606277137,-0.018793479976324856,-0.013129716934492608
2022-03-27 03:00:00,,,,,0.01434014179083154,-0.025977018982948574,0.0011359343589423254
2022-03-28 03:00:00,,,,,-0.028010772877296142,0.0189562180863041,-0.019023511578511454
2022-03-29 03:00:00,,,,,0.018243633565808937,0.07851153889716889,0.020071548310876652
2022-03-30 03:00:00,,,,,0.007861478622408491,-0.04058640726537188,-0.0010602743007287474
2022-03-31 03:00:00,,,,,-0.00515964572206673,0.002240509712190031,0.002111636673481465
2022-04-01 03:00:00,,,,,-0.012531736651060554,0.008254118196466598,-0.011161175536283041
2022-04-02 03:00:00,,,,,-0.010977977463310862,-0.04807714739184887,0.009275679942100767
2022-04-03 03:00:00,,,,,-0.007707377639703417,0.012983903195705304,0.0037115110425667286
2022-04-04 03:00:00,,,,,-0.009428832403474585,0.014416946865967395,0.02359453856375926
2022-04-05 03:00:00,,,,,0.01422389202186558,-0.007145603675052459,-0.027191190804609966
2022-04-06 03:00:00,,,,,-0.02521402324828037,0.029867036492142507,0.011216199818574468
2022-04-07 03:00:00,,,,,0.0125885744899088,-0.025469761499094745,-0.021781460623089277
2022-04-08 03:00:00,,,,,-0.013342199866323123,-0.022233075257344304,-0.007558314608680949
2022-04-09 03:00:00,,,,,-0.0033783452398650216,0.042833121539239905,0.04547581462484951
2022-04-10 03:00:00,,,,,0.022986677468012084,-0.01910193062635901,-0.032094997606057385
2022-04-11 03:00:00,,,,,0.010992460011730154,0.009454095621872494,0.021877754006026873
2022-04-12 03:00:00,,,,,-0.005631945065626809,-0.038431381387378005,-0.02055494641965483
2022-04-13 03:00:00,,,,,0.0029406493703816317,0.019318822896688737,0.07102281345908135
2022-04-14 03:00:00,,,,,-0.01930598445535303,0.015727897041940775,-0.07042291741127349
2022-04-15 03:00:00,,,,,0.02478729870315144,0.0012053257227844227,0.06697506056155378
2022-04-16 03:00:00,,,,,-0.03317624730859692,0.03611070360152557,-0.05957254119854172
2022-04-17 03:00:00,,,,,0.0021014081823740316,-0.008947845158347345,0.048565634574083916
2022-04-18 03:00:00,,,,,-0.0004483516761244477,0.04243319201122264,0.013168447420768281
2022-04-19 03:00:00,,,,,-0.012925284755965438,0.005895895682669794,0.015093224497077173
2022-04-20 03:00:00,,,,,0.04210414786626493,-0.043458339949305924,-0.02232681206351239
2022-04-21 03:00:00,,,,,-0.02837081927138474,-0.002164663916681797,-0.008771636074695666
2022-04-22 03:00:00,,,,,0.0011264225651190785,-0.022261381097069877,-0.029910114967306112
2022-04-23 03:00:00,,,,,0.012792870587242211,0.028195556977312908,0.0005477787759120556
2022-04-24 03:00:00,,,,,0.020430787427745845,-0.060048471080719645,0.008427012212636864
2022-04-25 03:00:00,,,,,-0.007977405238889568,0.04745187569699083,0.021333564474816713
2022-04-26 03:00:00,,,,,-0.00867011525997552,0.012144229947594454,-0.036582870319884164
2022-04-27 03:00:00,,,,,-0.00900217377189727,-0.057074542725847444,0.022522355893595858
2022-04-28 03:00:00,,,,,-0.005061360679890825,0.01213026178394716,-0.032985325088416784
2022-04-29 03:00:00,,,,,0.01349965833604494,-0.007936502492914,0.026755919228631964
2022-04-30 03:00:00,,,,,0.005926900400168078,0.029808939761404307,-0.02554784287016376
2022-05-01 03:00:00,,,,,0.021521478320846832,-0.019447013723255746,0.010035671430245419
2022-05-02 03:00:00,,,,,-0.0022074934908067334,-0.00617658700335566,0.02213314310958281
2022-05-03 03:00:00,,,,,0.005658158087006315,0.00824091229525048,-0.00807979980308271
2022-05-04 03:00:00,,,,,-0.013168757643187368,0.0038105214388397535,-0.02960721402239419
2022-05-05 03:00:00,,,,,0.007805358294415754,0.008332147710800708,0.002310042734698481
2022-05-06 03:00:00,,,,,0.0003616421664449643,-0.02458749724922038,-0.0030916927610805667
2022-05-07 03:00:00,,,,,-0.004995016233813265,0.022276572259938066,0.0009704615626497937
2022-05-08 03:00:00,,,,,0.007552274821065019,-0.00738572803831572,0.002862832467624088
2022-05-09 03:00:00,,,,,0.015316880515924947,0.01714488263396685,0.006178572476345234
2022-05-10 03:00:00,,,,,-0.003743472018835181,-0.012606186368650962,-0.0009745545952966062
2022-05-11 03:00:00,,,,,-0.006916344478981817,-0.020152244152161214,-0.00014683284970373744
2022-05-12 03:00:00,,,,,0.0026791402650507834,0.009336584403481618,0.006069257322101063
